formats,gen,name,hp,atk,def,spa,spd,spe,weight,height,isNonstandard,dex_number,alias,Type 1,Type 2
LC,ss,Bulbasaur,45,49,49,65,65,45,6.9,0.7,Standard,1.0,bulbasaur,Grass,Poison
NFE,ss,Ivysaur,60,62,63,80,80,60,13.0,1.0,Standard,2.0,ivysaur,Grass,Poison
UU,ss,Venusaur,80,82,83,100,100,80,100.0,2.0,Standard,3.0,venusaur,Grass,Poison
LC,sv,Charmander,39,52,43,60,50,65,8.5,0.6,Standard,4.0,charmander,Fire,None
NFE,sv,Charmeleon,58,64,58,80,65,80,19.0,1.1,Standard,5.0,charmeleon,Fire,None
PU,sv,Charizard,78,84,78,109,85,100,90.5,1.7,Standard,6.0,charizard,Fire,Flying
LC,ss,Squirtle,44,48,65,50,64,43,9.0,0.5,Standard,7.0,squirtle,Water,None
NFE,ss,Wartortle,59,63,80,65,80,58,22.5,1.0,Standard,8.0,wartortle,Water,None
NUBL,ss,Blastoise,79,83,100,85,105,78,85.5,1.6,Standard,9.0,blastoise,Water,None
LC,ss,Caterpie,45,30,35,20,20,45,2.9,0.3,Standard,10.0,caterpie,Bug,None
NFE,ss,Metapod,50,20,55,25,25,30,9.9,0.7,Standard,11.0,metapod,Bug,None
PU,bw,Butterfree,60,45,50,80,80,70,32.0,1.1,Standard,12.0,butterfree,Bug,Flying
LC,sm,Weedle,40,35,30,20,20,50,3.2,0.3,Standard,13.0,weedle,Bug,Poison
NFE,sm,Kakuna,45,25,50,25,25,35,10.0,0.6,Standard,14.0,kakuna,Bug,Poison
PU,bw,Beedrill,65,80,40,45,80,75,29.5,1.0,Standard,15.0,beedrill,Bug,Poison
LC,sm,Pidgey,40,45,40,35,35,56,1.8,0.3,Standard,16.0,pidgey,Normal,Flying
NFE,sm,Pidgeotto,63,60,55,50,50,71,30.0,1.1,Standard,17.0,pidgeotto,Normal,Flying
PU,bw,Pidgeot,83,80,75,70,70,91,39.5,1.5,Standard,18.0,pidgeot,Normal,Flying
LC,sm,Rattata-Alola,30,56,35,25,35,72,3.8,0.3,Standard,19.0,rattata-alola,Dark,Normal
PU,bw,Raticate,55,81,60,50,70,97,18.5,0.7,Standard,20.0,raticate,Normal,None
LC,sm,Spearow,40,60,30,31,31,70,2.0,0.3,Standard,21.0,spearow,Normal,Flying
PU,bw,Fearow,65,90,65,61,61,100,38.0,1.2,Standard,22.0,fearow,Normal,Flying
LC,sm,Ekans,35,60,44,40,54,55,6.9,2.0,Standard,23.0,ekans,Poison,None
PU,xy,Arbok,60,85,69,65,79,80,65.0,3.5,Standard,24.0,arbok,Poison,None
OU,sv,Pikachu-World,35,55,40,50,50,90,6.0,0.4,Standard,25.0,pikachu-world,Electric,None
OU,sv,Raichu-Alola,60,85,50,95,85,110,21.0,0.7,Standard,26.0,raichu-alola,Electric,Psychic
NUBL,ss,Sandshrew-Alola,50,75,90,10,35,40,40.0,0.7,Standard,27.0,sandshrew-alola,Ice,Steel
NUBL,ss,Sandslash-Alola,75,100,120,25,65,65,55.0,1.2,Standard,28.0,sandslash-alola,Ice,Steel
LC,ss,Nidoran-F,55,47,52,40,40,41,7.0,0.4,Standard,29.0,nidoran-f,Poison,None
NFE,ss,Nidorina,70,62,67,55,55,56,20.0,0.8,Standard,30.0,nidorina,Poison,None
RU,ss,Nidoqueen,90,92,87,75,85,76,60.0,1.3,Standard,31.0,nidoqueen,Poison,Ground
LC,ss,Nidoran-M,46,57,40,40,40,50,9.0,0.5,Standard,32.0,nidoran-m,Poison,None
NFE,ss,Nidorino,61,72,57,55,55,65,19.5,0.9,Standard,33.0,nidorino,Poison,None
UU,ss,Nidoking,81,102,77,85,75,85,62.0,1.4,Standard,34.0,nidoking,Poison,Ground
NFE,ss,Clefairy,70,45,48,60,65,35,7.5,0.6,Standard,35.0,clefairy,Fairy,None
OU,ss,Clefable,95,70,73,95,90,60,40.0,1.3,Standard,36.0,clefable,Fairy,None
NFE,ss,Vulpix-Alola,38,41,40,50,65,65,9.9,0.6,Standard,37.0,vulpix-alola,Ice,None
OU,ss,Ninetales-Alola,73,67,75,81,100,109,19.9,1.1,Standard,38.0,ninetales-alola,Ice,Fairy
NFE,sv,Jigglypuff,115,45,20,45,25,20,5.5,0.5,Standard,39.0,jigglypuff,Normal,Fairy
PU,bw,Wigglytuff,140,70,45,75,50,45,12.0,1.0,Standard,40.0,wigglytuff,Normal,None
LC,ss,Zubat,40,45,35,30,40,55,7.5,0.8,Standard,41.0,zubat,Poison,Flying
NFE,ss,Golbat,75,80,70,65,75,90,55.0,1.6,Standard,42.0,golbat,Poison,Flying
LC,ss,Oddish,45,50,55,75,65,30,5.4,0.5,Standard,43.0,oddish,Grass,Poison
NFE,ss,Gloom,60,65,70,85,75,40,8.6,0.8,Standard,44.0,gloom,Grass,Poison
NU,ss,Vileplume,75,80,85,110,90,50,18.6,1.2,Standard,45.0,vileplume,Grass,Poison
LC,sm,Paras,35,70,55,45,55,25,5.4,0.3,Standard,46.0,paras,Bug,Grass
PU,bw,Parasect,60,95,80,60,80,30,29.5,1.0,Standard,47.0,parasect,Bug,Grass
LC,sv,Venonat,60,55,50,40,55,45,30.0,1.0,Standard,48.0,venonat,Bug,Poison
NUBL,sv,Venomoth,70,65,60,90,75,90,12.5,1.5,Standard,49.0,venomoth,Bug,Poison
LC,sv,Diglett-Alola,10,55,30,35,45,90,1.0,0.2,Standard,50.0,diglett-alola,Ground,Steel
OU,sv,Dugtrio-Alola,35,100,60,50,70,110,66.6,0.7,Standard,51.0,dugtrio-alola,Ground,Steel
LC,sv,Meowth-Galar,50,65,55,40,40,40,7.5,0.4,Standard,52.0,meowth-galar,Steel,None
OU,sv,Persian-Alola,65,60,60,75,65,115,33.0,1.1,Standard,53.0,persian-alola,Dark,None
LC,sv,Psyduck,50,52,48,65,50,55,19.6,0.8,Standard,54.0,psyduck,Water,None
PU,sv,Golduck,80,82,78,95,80,85,76.6,1.7,Standard,55.0,golduck,Water,None
LC,sv,Mankey,40,80,35,35,45,70,28.0,0.5,Standard,56.0,mankey,Fighting,None
RU,sv,Primeape,65,105,60,60,70,95,32.0,1.0,Standard,57.0,primeape,Fighting,None
LC,sv,Growlithe-Hisui,60,75,45,65,50,55,22.7,0.8,Standard,58.0,growlithe-hisui,Fire,Rock
OU,sv,Arcanine-Hisui,95,115,80,95,80,90,168.0,2.0,Standard,59.0,arcanine-hisui,Fire,Rock
LC,ss,Poliwag,40,50,40,40,40,90,12.4,0.6,Standard,60.0,poliwag,Water,None
NFE,ss,Poliwhirl,65,65,65,50,50,90,20.0,1.0,Standard,61.0,poliwhirl,Water,None
NU,xy,Poliwrath,90,95,95,70,90,70,54.0,1.3,Standard,62.0,poliwrath,Water,Fighting
LC,ss,Abra,25,20,15,105,55,90,19.5,0.9,Standard,63.0,abra,Psychic,None
NFE,ss,Kadabra,40,35,30,120,70,105,56.5,1.3,Standard,64.0,kadabra,Psychic,None
UUBL,ss,Alakazam,55,50,45,135,95,120,48.0,1.5,Standard,65.0,alakazam,Psychic,None
LC,ss,Machop,70,80,50,35,35,35,19.5,0.8,Standard,66.0,machop,Fighting,None
NFE,ss,Machoke,80,100,70,50,60,45,70.5,1.5,Standard,67.0,machoke,Fighting,None
NUBL,ss,Machamp,90,130,80,65,85,55,130.0,1.6,Standard,68.0,machamp,Fighting,None
LC,sm,Bellsprout,50,75,35,70,30,40,4.0,0.7,Standard,69.0,bellsprout,Grass,Poison
NFE,sm,Weepinbell,65,90,50,85,45,55,6.4,1.0,Standard,70.0,weepinbell,Grass,Poison
PU,sm,Victreebel,80,105,65,100,70,70,15.5,1.7,Standard,71.0,victreebel,Grass,Poison
LC,ss,Tentacool,40,40,35,50,100,70,45.5,0.9,Standard,72.0,tentacool,Water,Poison
RU,ss,Tentacruel,80,70,65,80,120,100,55.0,1.6,Standard,73.0,tentacruel,Water,Poison
LC,sm,Geodude-Alola,40,80,100,30,30,20,20.3,0.4,Standard,74.0,geodude-alola,Rock,Electric
NFE,sm,Graveler-Alola,55,95,115,45,45,35,110.0,1.0,Standard,75.0,graveler-alola,Rock,Electric
PU,xy,Golem,80,120,130,55,65,45,300.0,1.4,Standard,76.0,golem,Rock,Ground
LC,ss,Ponyta-Galar,50,85,55,65,65,90,24.0,0.8,Standard,77.0,ponyta-galar,Psychic,None
PU,xy,Rapidash,65,100,70,80,80,105,95.0,1.7,Standard,78.0,rapidash,Fire,None
LC,sv,Slowpoke-Galar,90,65,65,40,40,15,36.0,1.2,Standard,79.0,slowpoke-galar,Psychic,None
OU,sv,Slowbro-Galar,95,100,95,100,70,30,70.5,1.6,Standard,80.0,slowbro-galar,Poison,Psychic
LC,sv,Magnemite,25,35,70,95,55,45,6.0,0.3,Standard,81.0,magnemite,Electric,Steel
PUBL,sv,Magneton,50,60,95,120,70,70,60.0,1.0,Standard,82.0,magneton,Electric,Steel
LC,ss,Farfetch'd-Galar,52,95,55,58,62,55,15.0,0.8,Standard,83.0,farfetch-d-galar,Fighting,None
LC,sm,Doduo,35,85,45,35,35,75,39.2,1.4,Standard,84.0,doduo,Normal,Flying
PU,sm,Dodrio,60,110,70,60,60,110,85.2,1.8,Standard,85.0,dodrio,Normal,Flying
LC,sm,Seel,65,45,55,45,70,45,90.0,1.1,Standard,86.0,seel,Water,None
PU,bw,Dewgong,90,70,80,70,95,70,120.0,1.7,Standard,87.0,dewgong,Water,Ice
LC,sv,Grimer-Alola,80,80,50,40,50,25,42.0,0.7,Standard,88.0,grimer-alola,Poison,Dark
OU,sv,Muk-Alola,105,105,75,65,100,50,52.0,1.0,Standard,89.0,muk-alola,Poison,Dark
LC,sv,Shellder,30,65,100,45,25,40,4.0,0.3,Standard,90.0,shellder,Water,None
RU,sv,Cloyster,50,95,180,85,45,70,132.5,1.5,Standard,91.0,cloyster,Water,Ice
NFE,sv,Gastly,30,35,30,100,35,80,0.1,1.3,Standard,92.0,gastly,Ghost,Poison
NU,sv,Haunter,45,50,45,115,55,95,0.1,1.6,Standard,93.0,haunter,Ghost,Poison
UU,sv,Gengar,60,65,60,130,75,110,40.5,1.5,Standard,94.0,gengar,Ghost,Poison
LC,ss,Onix,35,45,160,30,45,70,210.0,8.8,Standard,95.0,onix,Rock,Ground
LC,sv,Drowzee,60,48,45,43,90,42,32.4,1.0,Standard,96.0,drowzee,Psychic,None
PU,bw,Hypno,85,73,70,73,115,67,75.6,1.6,Standard,97.0,hypno,Psychic,None
LC,ss,Krabby,30,105,90,25,25,50,6.5,0.4,Standard,98.0,krabby,Water,None
PUBL,ss,Kingler,55,130,115,50,50,75,60.0,1.3,Standard,99.0,kingler,Water,None
LC,sv,Voltorb-Hisui,40,30,50,55,55,100,13.0,0.5,Standard,100.0,voltorb-hisui,Electric,Grass
OU,sv,Electrode-Hisui,60,50,70,80,80,150,71.0,1.2,Standard,101.0,electrode-hisui,Electric,Grass
LC,ss,Exeggcute,60,40,80,60,45,40,2.5,0.4,Standard,102.0,exeggcute,Grass,Psychic
PUBL,ss,Exeggutor-Alola,95,105,85,125,75,45,415.6,10.9,Standard,103.0,exeggutor-alola,Grass,Dragon
LC,ss,Cubone,50,50,95,40,50,35,6.5,0.4,Standard,104.0,cubone,Ground,None
RU,ss,Marowak-Alola,60,80,110,50,80,45,34.0,1.0,Standard,105.0,marowak-alola,Fire,Ghost
PU,ss,Hitmonlee,50,120,53,35,110,87,49.8,1.5,Standard,106.0,hitmonlee,Fighting,None
PU,sm,Hitmonchan,50,105,79,35,110,76,50.2,1.4,Standard,107.0,hitmonchan,Fighting,None
LC,ss,Lickitung,90,55,75,60,75,30,65.5,1.2,Standard,108.0,lickitung,Normal,None
LC,ss,Koffing,40,65,95,60,45,35,1.0,0.6,Standard,109.0,koffing,Poison,None
RU,ss,Weezing-Galar,65,90,120,85,70,60,16.0,3.0,Standard,110.0,weezing-galar,Poison,Fairy
LC,ss,Rhyhorn,80,85,95,30,30,25,115.0,1.0,Standard,111.0,rhyhorn,Ground,Rock
NFE,ss,Rhydon,105,130,120,45,45,40,120.0,1.9,Standard,112.0,rhydon,Ground,Rock
NU,sv,Chansey,250,5,5,35,105,50,34.6,1.1,Standard,113.0,chansey,Normal,None
NFE,ss,Tangela,65,55,115,100,40,60,35.0,1.0,Standard,114.0,tangela,Grass,None
PU,sm,Kangaskhan,105,95,80,40,80,90,80.0,2.2,Standard,115.0,kangaskhan,Normal,None
LC,ss,Horsea,30,40,70,70,25,60,8.0,0.4,Standard,116.0,horsea,Water,None
NFE,ss,Seadra,55,65,95,95,45,85,25.0,1.2,Standard,117.0,seadra,Water,None
LC,ss,Goldeen,45,67,60,35,50,63,15.0,0.6,Standard,118.0,goldeen,Water,None
PU,bw,Seaking,80,92,65,65,80,68,39.0,1.3,Standard,119.0,seaking,Water,None
LC,ss,Staryu,30,45,55,70,55,85,34.5,0.8,Standard,120.0,staryu,Water,None
NU,ss,Starmie,60,75,85,100,85,115,80.0,1.1,Standard,121.0,starmie,Water,Psychic
NFE,ss,Mr. Mime-Galar,50,65,65,90,90,100,56.8,1.4,Standard,122.0,mr-mime-galar,Ice,Psychic
NU,sv,Scyther,70,110,80,55,80,105,56.0,1.5,Standard,123.0,scyther,Bug,Flying
NU,xy,Jynx,65,50,35,115,95,95,40.6,1.4,Standard,124.0,jynx,Ice,Psychic
NFE,ss,Electabuzz,65,83,57,95,85,105,30.0,1.1,Standard,125.0,electabuzz,Electric,None
NFE,ss,Magmar,65,95,57,100,85,93,44.5,1.3,Standard,126.0,magmar,Fire,None
NU,xy,Pinsir,65,125,100,55,70,85,55.0,1.5,Standard,127.0,pinsir,Bug,None
NU,sv,Tauros-Paldea-Combat,75,110,105,30,70,100,88.4,1.4,Standard,128.0,tauros-paldea-combat,Fighting,None
LC,sv,Magikarp,20,10,55,15,20,80,10.0,0.9,Standard,129.0,magikarp,Water,None
UU,sv,Gyarados,95,125,79,60,100,81,235.0,6.5,Standard,130.0,gyarados,Water,Flying
PU,xy,Lapras,130,85,80,85,95,60,220.0,2.5,Standard,131.0,lapras,Water,Ice
RU,sv,Ditto,48,48,48,48,48,48,4.0,0.3,Standard,132.0,ditto,Normal,None
LC,sv,Eevee,55,55,50,45,65,55,6.5,0.3,Standard,133.0,eevee,Normal,None
NU,sv,Vaporeon,130,65,60,110,95,65,29.0,1.0,Standard,134.0,vaporeon,Water,None
NU,sv,Jolteon,65,65,60,110,95,130,24.5,0.8,Standard,135.0,jolteon,Electric,None
PU,xy,Flareon,65,130,60,95,110,65,25.0,0.9,Standard,136.0,flareon,Fire,None
LC,ss,Porygon,65,60,70,85,75,40,36.5,0.8,Standard,137.0,porygon,Normal,None
LC,ss,Omanyte,35,40,100,90,55,35,7.5,0.4,Standard,138.0,omanyte,Rock,Water
PUBL,ss,Omastar,70,60,125,115,70,55,35.0,1.0,Standard,139.0,omastar,Rock,Water
LC,ss,Kabuto,30,80,90,55,45,55,11.5,0.5,Standard,140.0,kabuto,Rock,Water
PU,sm,Kabutops,60,115,105,65,70,80,40.5,1.3,Standard,141.0,kabutops,Rock,Water
NU,ss,Aerodactyl,80,105,65,60,75,130,59.0,1.8,Standard,142.0,aerodactyl,Rock,Flying
NU,ss,Snorlax,160,110,65,65,110,30,460.0,2.1,Standard,143.0,snorlax,Normal,None
OU,sv,Articuno-Galar,90,85,85,125,100,95,50.9,1.7,Standard,144.0,articuno-galar,Psychic,Flying
OU,sv,Zapdos-Galar,90,125,90,85,90,100,58.2,1.6,Standard,145.0,zapdos-galar,Fighting,Flying
OU,sv,Moltres-Galar,90,85,90,100,125,90,66.0,2.0,Standard,146.0,moltres-galar,Dark,Flying
LC,sv,Dratini,41,64,45,50,50,50,3.3,1.8,Standard,147.0,dratini,Dragon,None
PU,sv,Dragonair,61,84,65,70,70,70,16.5,4.0,Standard,148.0,dragonair,Dragon,None
OU,sv,Dragonite,91,134,95,100,100,80,210.0,2.2,Standard,149.0,dragonite,Dragon,Flying
Uber,sv,Mewtwo,106,110,90,154,90,130,122.0,2.0,Standard,150.0,mewtwo,Psychic,None
OU,sv,Mew,100,100,100,100,100,100,4.0,0.4,Standard,151.0,mew,Psychic,None
LC,sm,Chikorita,45,49,65,49,65,45,6.4,0.9,Standard,152.0,chikorita,Grass,None
NFE,sm,Bayleef,60,62,80,63,80,60,15.8,1.2,Standard,153.0,bayleef,Grass,None
PU,bw,Meganium,80,82,100,83,100,80,100.5,1.8,Standard,154.0,meganium,Grass,None
LC,sv,Cyndaquil,39,52,43,60,50,65,7.9,0.5,Standard,155.0,cyndaquil,Fire,None
NFE,sv,Quilava,58,64,58,80,65,80,19.0,0.9,Standard,156.0,quilava,Fire,None
OU,sv,Typhlosion-Hisui,73,84,78,119,85,95,69.8,1.6,Standard,157.0,typhlosion-hisui,Fire,Ghost
LC,sm,Totodile,50,65,64,44,48,43,9.5,0.6,Standard,158.0,totodile,Water,None
NFE,sm,Croconaw,65,80,80,59,63,58,25.0,1.1,Standard,159.0,croconaw,Water,None
UU,sm,Feraligatr,85,105,100,79,83,78,88.8,2.3,Standard,160.0,feraligatr,Water,None
LC,sm,Sentret,35,46,34,35,45,20,6.0,0.8,Standard,161.0,sentret,Normal,None
PU,bw,Furret,85,76,64,45,55,90,32.5,1.8,Standard,162.0,furret,Normal,None
LC,ss,Hoothoot,60,30,30,36,56,50,21.2,0.7,Standard,163.0,hoothoot,Normal,Flying
PU,bw,Noctowl,100,50,50,76,96,70,40.8,1.6,Standard,164.0,noctowl,Normal,Flying
LC,sm,Ledyba,40,20,30,40,80,55,10.8,1.0,Standard,165.0,ledyba,Bug,Flying
PU,bw,Ledian,55,35,50,55,110,85,35.6,1.4,Standard,166.0,ledian,Bug,Flying
LC,sm,Spinarak,40,60,40,40,40,30,8.5,0.5,Standard,167.0,spinarak,Bug,Poison
PU,bw,Ariados,70,90,70,60,60,40,33.5,1.1,Standard,168.0,ariados,Bug,Poison
RU,ss,Crobat,85,90,80,70,80,130,75.0,1.8,Standard,169.0,crobat,Poison,Flying
LC,ss,Chinchou,75,38,38,56,56,67,12.0,0.5,Standard,170.0,chinchou,Water,Electric
PU,ss,Lanturn,125,58,58,76,76,67,22.5,1.2,Standard,171.0,lanturn,Water,Electric
LC,sv,Pichu,20,40,15,35,35,60,2.0,0.3,Standard,172.0,pichu,Electric,None
LC,ss,Cleffa,50,25,28,45,55,15,3.0,0.3,Standard,173.0,cleffa,Fairy,None
LC,sv,Igglybuff,90,30,15,40,20,15,1.0,0.3,Standard,174.0,igglybuff,Normal,Fairy
LC,ss,Togepi,35,20,65,40,65,20,1.5,0.3,Standard,175.0,togepi,Fairy,None
NFE,ss,Togetic,55,40,85,80,105,40,3.2,0.6,Standard,176.0,togetic,Fairy,Flying
LC,ss,Natu,40,50,45,70,45,70,2.0,0.2,Standard,177.0,natu,Psychic,Flying
NU,ss,Xatu,65,75,70,95,70,95,15.0,1.5,Standard,178.0,xatu,Psychic,Flying
LC,sv,Mareep,55,40,40,65,45,35,7.8,0.6,Standard,179.0,mareep,Electric,None
NFE,sv,Flaaffy,70,55,55,80,60,45,13.3,0.8,Standard,180.0,flaaffy,Electric,None
PU,sv,Ampharos,90,75,85,115,90,55,61.5,1.4,Standard,181.0,ampharos,Electric,None
PU,bw,Bellossom,75,80,85,90,100,50,5.8,0.4,Standard,182.0,bellossom,Grass,None
NFE,sv,Marill,70,20,50,20,50,40,8.5,0.4,Standard,183.0,marill,Water,Fairy
OU,sv,Azumarill,100,50,80,60,80,50,28.5,0.8,Standard,184.0,azumarill,Water,Fairy
PU,bw,Sudowoodo,70,100,115,30,65,30,38.0,1.2,Standard,185.0,sudowoodo,Rock,None
OU,bw,Politoed,90,75,75,90,100,70,33.9,1.1,Standard,186.0,politoed,Water,None
LC,sv,Hoppip,35,35,40,35,55,50,0.5,0.4,Standard,187.0,hoppip,Grass,Flying
NFE,sv,Skiploom,55,45,50,45,65,80,1.0,0.6,Standard,188.0,skiploom,Grass,Flying
PU,bw,Jumpluff,75,55,70,55,85,110,3.0,0.8,Standard,189.0,jumpluff,Grass,Flying
NFE,sm,Aipom,55,70,55,40,55,85,11.5,0.8,Standard,190.0,aipom,Normal,None
LC,sv,Sunkern,30,30,30,30,30,30,1.8,0.3,Standard,191.0,sunkern,Grass,None
PU,bw,Sunflora,75,75,55,105,85,30,8.5,0.8,Standard,192.0,sunflora,Grass,None
NFE,sm,Yanma,65,65,45,75,45,95,38.0,1.2,Standard,193.0,yanma,Bug,Flying
LC,sv,Wooper-Paldea,55,45,45,25,25,15,8.5,0.4,Standard,194.0,wooper-paldea,Poison,Ground
UU,sv,Quagsire,95,85,85,65,65,35,75.0,1.4,Standard,195.0,quagsire,Water,Ground
UU,sv,Espeon,65,65,60,130,95,110,26.5,0.9,Standard,196.0,espeon,Psychic,None
NU,sv,Umbreon,95,65,110,60,130,65,27.0,1.0,Standard,197.0,umbreon,Dark,None
NFE,sv,Murkrow,60,85,42,85,42,91,2.1,0.5,Standard,198.0,murkrow,Dark,Flying
OU,sv,Slowking-Galar,95,65,80,110,110,30,79.5,1.8,Standard,199.0,slowking-galar,Poison,Psychic
PU,sv,Misdreavus,60,60,60,85,85,85,1.0,0.7,Standard,200.0,misdreavus,Ghost,None
PU,bw,Unown,48,72,48,72,48,48,5.0,0.5,Standard,201.0,unown,Psychic,None
UUBL,bw,Wobbuffet,190,33,58,33,58,33,28.5,1.3,Standard,202.0,wobbuffet,Psychic,None
NFE,sv,Girafarig,70,80,65,90,65,85,41.5,1.5,Standard,203.0,girafarig,Normal,Psychic
LC,sv,Pineco,50,65,90,35,35,15,7.2,0.6,Standard,204.0,pineco,Bug,None
UU,sv,Forretress,75,90,140,60,60,40,125.8,1.2,Standard,205.0,forretress,Bug,Steel
NFE,sv,Dunsparce,100,70,70,65,65,45,14.0,1.5,Standard,206.0,dunsparce,Normal,None
UU,sm,Gligar,65,75,105,35,65,85,64.8,1.1,Standard,207.0,gligar,Ground,Flying
RU,ss,Steelix,75,85,200,55,65,30,400.0,9.2,Standard,208.0,steelix,Steel,Ground
LC,sm,Snubbull,60,80,50,40,40,30,7.8,0.6,Standard,209.0,snubbull,Fairy,None
RU,xy,Granbull,90,120,75,60,60,45,48.7,1.4,Standard,210.0,granbull,Fairy,None
NFE,sv,Qwilfish-Hisui,65,95,85,55,55,85,3.9,0.5,Standard,211.0,qwilfish-hisui,Dark,Poison
UU,sv,Scizor,70,130,100,55,80,65,118.0,1.8,Standard,212.0,scizor,Bug,Steel
RUBL,xy,Shuckle,20,10,230,10,230,5,20.5,0.6,Standard,213.0,shuckle,Bug,Rock
RU,sv,Heracross,80,125,75,40,95,85,54.0,1.5,Standard,214.0,heracross,Bug,Fighting
NFE,sv,Sneasel-Hisui,55,95,55,35,75,115,27.0,0.9,Standard,215.0,sneasel-hisui,Fighting,Poison
LC,sv,Teddiursa,60,80,50,50,50,40,8.8,0.6,Standard,216.0,teddiursa,Normal,None
NU,sv,Ursaring,90,130,75,75,75,55,125.8,1.8,Standard,217.0,ursaring,Normal,None
LC,sm,Slugma,40,40,40,70,40,20,35.0,0.7,Standard,218.0,slugma,Fire,None
PU,bw,Magcargo,50,50,120,80,80,30,55.0,0.8,Standard,219.0,magcargo,Fire,Rock
LC,ss,Swinub,50,50,40,30,30,50,6.5,0.4,Standard,220.0,swinub,Ice,Ground
NFE,ss,Piloswine,100,100,80,60,60,50,55.8,1.1,Standard,221.0,piloswine,Ice,Ground
NFE,ss,Corsola-Galar,60,55,100,65,100,30,0.5,0.6,Standard,222.0,corsola-galar,Ghost,None
LC,ss,Remoraid,35,65,35,65,35,65,12.0,0.6,Standard,223.0,remoraid,Water,None
PU,bw,Octillery,75,105,75,105,75,45,28.5,0.9,Standard,224.0,octillery,Water,None
PU,bw,Delibird,45,55,45,65,45,75,16.0,0.9,Standard,225.0,delibird,Ice,Flying
NU,ss,Mantine,85,40,70,80,140,70,220.0,2.1,Standard,226.0,mantine,Water,Flying
UU,ss,Skarmory,65,80,140,40,70,70,50.5,1.7,Standard,227.0,skarmory,Steel,Flying
LC,sv,Houndour,45,60,30,80,50,65,10.8,0.6,Standard,228.0,houndour,Dark,Fire
PU,sv,Houndoom,75,90,50,110,80,95,35.0,1.4,Standard,229.0,houndoom,Dark,Fire
PUBL,ss,Kingdra,75,95,95,95,95,85,152.0,1.8,Standard,230.0,kingdra,Water,Dragon
LC,sv,Phanpy,90,60,60,40,40,40,33.5,0.5,Standard,231.0,phanpy,Ground,None
UU,sv,Donphan,90,120,120,60,60,50,120.0,1.1,Standard,232.0,donphan,Ground,None
RU,ss,Porygon2,85,80,90,105,95,60,32.5,0.6,Standard,233.0,porygon2,Normal,None
NFE,sv,Stantler,73,95,62,85,65,85,71.2,1.4,Standard,234.0,stantler,Normal,None
PU,xy,Smeargle,55,20,35,20,45,75,58.0,1.2,Standard,235.0,smeargle,Normal,None
LC,ss,Tyrogue,35,35,35,35,35,35,21.0,0.7,Standard,236.0,tyrogue,Fighting,None
NU,ss,Hitmontop,50,95,95,35,110,70,48.0,1.4,Standard,237.0,hitmontop,Fighting,None
LC,ss,Smoochum,45,30,15,85,65,65,6.0,0.4,Standard,238.0,smoochum,Ice,Psychic
LC,ss,Elekid,45,63,37,65,55,95,23.5,0.6,Standard,239.0,elekid,Electric,None
NFE,ss,Magby,45,75,37,70,55,83,21.4,0.7,Standard,240.0,magby,Fire,None
NU,sm,Miltank,95,80,105,40,70,100,75.5,1.2,Standard,241.0,miltank,Normal,None
RU,sv,Blissey,255,10,10,75,135,55,46.8,1.5,Standard,242.0,blissey,Normal,None
RU,ss,Raikou,90,85,75,115,100,115,178.0,1.9,Standard,243.0,raikou,Electric,None
NUBL,ss,Entei,115,115,85,90,75,100,198.0,2.1,Standard,244.0,entei,Fire,None
RU,ss,Suicune,100,75,115,90,115,85,187.0,2.0,Standard,245.0,suicune,Water,None
LC,sv,Larvitar,50,64,50,45,50,41,72.0,0.6,Standard,246.0,larvitar,Rock,Ground
NFE,sv,Pupitar,70,84,70,65,70,51,152.0,1.2,Standard,247.0,pupitar,Rock,Ground
UU,sv,Tyranitar,100,134,110,95,100,61,202.0,2.0,Standard,248.0,tyranitar,Rock,Dark
Uber,ss,Lugia,106,90,130,90,154,110,216.0,5.2,Standard,249.0,lugia,Psychic,Flying
Uber,ss,Ho-Oh,106,130,90,110,154,90,199.0,3.8,Standard,250.0,ho-oh,Fire,Flying
RU,ss,Celebi,100,100,100,100,100,100,5.0,0.6,Standard,251.0,celebi,Psychic,Grass
LC,ss,Treecko,40,45,35,65,55,70,5.0,0.5,Standard,252.0,treecko,Grass,None
NFE,ss,Grovyle,50,65,45,85,65,95,21.6,0.9,Standard,253.0,grovyle,Grass,None
PUBL,ss,Sceptile,70,85,65,105,85,120,52.2,1.7,Standard,254.0,sceptile,Grass,None
LC,ss,Torchic,45,60,40,70,50,45,2.5,0.4,Standard,255.0,torchic,Fire,None
NFE,ss,Combusken,60,85,60,85,60,55,19.5,0.9,Standard,256.0,combusken,Fire,Fighting
UUBL,ss,Blaziken,80,120,70,110,70,80,52.0,1.9,Standard,257.0,blaziken,Fire,Fighting
LC,ss,Mudkip,50,70,50,50,50,40,7.6,0.4,Standard,258.0,mudkip,Water,None
NFE,ss,Marshtomp,70,85,70,60,70,50,28.0,0.7,Standard,259.0,marshtomp,Water,Ground
UU,ss,Swampert,100,110,90,85,90,60,81.9,1.5,Standard,260.0,swampert,Water,Ground
LC,sm,Poochyena,35,55,35,30,30,35,13.6,0.5,Standard,261.0,poochyena,Dark,None
PU,bw,Mightyena,70,90,70,60,60,70,37.0,1.0,Standard,262.0,mightyena,Dark,None
LC,ss,Zigzagoon-Galar,38,30,41,30,41,60,17.5,0.4,Standard,263.0,zigzagoon-galar,Dark,Normal
NFE,ss,Linoone-Galar,78,70,61,50,61,100,32.5,0.5,Standard,264.0,linoone-galar,Dark,Normal
LC,sm,Wurmple,45,45,35,20,30,20,3.6,0.3,Standard,265.0,wurmple,Bug,None
NFE,sm,Silcoon,50,35,55,25,25,15,10.0,0.6,Standard,266.0,silcoon,Bug,None
PU,bw,Beautifly,60,70,50,90,50,65,28.4,1.0,Standard,267.0,beautifly,Bug,Flying
NFE,sm,Cascoon,50,35,55,25,25,15,11.5,0.7,Standard,268.0,cascoon,Bug,None
PU,bw,Dustox,60,50,70,50,90,65,31.6,1.2,Standard,269.0,dustox,Bug,Poison
LC,ss,Lotad,40,30,30,40,50,30,2.6,0.5,Standard,270.0,lotad,Water,Grass
NFE,ss,Lombre,60,50,50,60,70,50,32.5,1.2,Standard,271.0,lombre,Water,Grass
PU,sm,Ludicolo,80,70,70,90,100,70,55.0,1.5,Standard,272.0,ludicolo,Water,Grass
LC,ss,Seedot,40,40,50,30,30,30,4.0,0.5,Standard,273.0,seedot,Grass,None
NFE,ss,Nuzleaf,70,70,40,60,40,60,28.0,1.0,Standard,274.0,nuzleaf,Grass,Dark
NU,xy,Shiftry,90,100,60,90,60,80,59.6,1.3,Standard,275.0,shiftry,Grass,Dark
LC,sm,Taillow,40,55,30,30,30,85,2.3,0.3,Standard,276.0,taillow,Normal,Flying
RU,sm,Swellow,60,85,60,75,50,125,19.8,0.7,Standard,277.0,swellow,Normal,Flying
LC,sv,Wingull,40,30,30,55,30,85,9.5,0.6,Standard,278.0,wingull,Water,Flying
UU,sv,Pelipper,60,50,100,95,70,65,28.0,1.2,Standard,279.0,pelipper,Water,Flying
LC,sv,Ralts,28,25,25,45,35,40,6.6,0.4,Standard,280.0,ralts,Psychic,Fairy
NFE,sv,Kirlia,38,35,35,65,55,50,20.2,0.8,Standard,281.0,kirlia,Psychic,Fairy
RU,sv,Gardevoir,68,65,65,125,115,80,48.4,1.6,Standard,282.0,gardevoir,Psychic,Fairy
LC,sv,Surskit,40,30,32,50,52,65,1.7,0.5,Standard,283.0,surskit,Bug,Water
PU,sv,Masquerain,70,60,62,100,82,80,3.6,0.8,Standard,284.0,masquerain,Bug,Flying
LC,sv,Shroomish,60,40,60,40,60,35,4.5,0.4,Standard,285.0,shroomish,Grass,None
OU,sv,Breloom,60,130,80,60,60,70,39.2,1.2,Standard,286.0,breloom,Grass,Fighting
LC,sv,Slakoth,60,60,60,35,35,30,24.0,0.8,Standard,287.0,slakoth,Normal,None
NFE,sv,Vigoroth,80,80,80,55,55,90,46.5,1.4,Standard,288.0,vigoroth,Normal,None
PU,bw,Slaking,150,160,100,95,65,100,130.5,2.0,Standard,289.0,slaking,Normal,None
LC,ss,Nincada,31,45,90,30,30,40,5.5,0.5,Standard,290.0,nincada,Bug,Ground
PU,xy,Ninjask,61,90,45,50,50,160,12.0,0.8,Standard,291.0,ninjask,Bug,Flying
PU,bw,Shedinja,1,90,45,30,30,40,1.2,0.8,Standard,292.0,shedinja,Bug,Ghost
LC,ss,Whismur,64,51,23,51,23,28,16.3,0.6,Standard,293.0,whismur,Normal,None
NFE,ss,Loudred,84,71,43,71,43,48,40.5,1.0,Standard,294.0,loudred,Normal,None
NU,ss,Exploud,104,91,63,91,73,68,84.0,1.5,Standard,295.0,exploud,Normal,None
LC,sv,Makuhita,72,60,30,20,30,25,86.4,1.0,Standard,296.0,makuhita,Fighting,None
RUBL,sv,Hariyama,144,120,60,40,60,50,253.8,2.3,Standard,297.0,hariyama,Fighting,None
LC,sv,Azurill,50,20,40,20,40,20,2.0,0.2,Standard,298.0,azurill,Normal,Fairy
LC,sm,Nosepass,30,45,135,45,90,30,97.0,1.0,Standard,299.0,nosepass,Rock,None
LC,sm,Skitty,50,45,45,35,35,50,11.0,0.6,Standard,300.0,skitty,Normal,None
PU,bw,Delcatty,70,65,65,55,55,70,32.6,1.1,Standard,301.0,delcatty,Normal,None
RU,sv,Sableye,50,75,75,65,65,50,11.0,0.5,Standard,302.0,sableye,Dark,Ghost
PU,xy,Mawile,50,85,85,55,55,50,11.5,0.6,Standard,303.0,mawile,Steel,Fairy
LC,ss,Aron,50,70,100,40,40,30,60.0,0.4,Standard,304.0,aron,Steel,Rock
NFE,ss,Lairon,60,90,140,50,50,40,120.0,0.9,Standard,305.0,lairon,Steel,Rock
PU,ss,Aggron,70,110,180,60,60,50,360.0,2.1,Standard,306.0,aggron,Steel,Rock
NFE,sv,Meditite,30,40,55,40,55,60,11.2,0.6,Standard,307.0,meditite,Fighting,Psychic
NU,sv,Medicham,60,60,75,60,75,80,31.5,1.3,Standard,308.0,medicham,Fighting,Psychic
LC,ss,Electrike,40,45,40,65,40,65,15.2,0.6,Standard,309.0,electrike,Electric,None
PU,sm,Manectric,70,75,60,105,60,105,40.2,1.5,Standard,310.0,manectric,Electric,None
PU,bw,Plusle,60,50,40,85,75,95,4.2,0.4,Standard,311.0,plusle,Electric,None
PU,bw,Minun,60,40,50,75,85,95,4.2,0.4,Standard,312.0,minun,Electric,None
PU,bw,Volbeat,65,73,55,47,75,85,17.7,0.7,Standard,313.0,volbeat,Bug,None
PU,bw,Illumise,65,47,55,73,75,85,17.7,0.6,Standard,314.0,illumise,Bug,None
NFE,ss,Roselia,50,60,45,100,80,65,2.0,0.3,Standard,315.0,roselia,Grass,Poison
LC,sv,Gulpin,70,43,53,43,53,40,10.3,0.4,Standard,316.0,gulpin,Poison,None
PU,bw,Swalot,100,73,83,73,83,55,80.0,1.7,Standard,317.0,swalot,Poison,None
LC,ss,Carvanha,45,90,20,65,20,65,20.8,0.8,Standard,318.0,carvanha,Water,Dark
RU,ss,Sharpedo,70,120,40,95,40,95,88.8,1.8,Standard,319.0,sharpedo,Water,Dark
LC,ss,Wailmer,130,70,35,70,35,60,130.0,2.0,Standard,320.0,wailmer,Water,None
PU,bw,Wailord,170,90,45,90,45,60,398.0,14.5,Standard,321.0,wailord,Water,None
LC,sv,Numel,60,60,40,65,45,35,24.0,0.7,Standard,322.0,numel,Fire,Ground
PU,sv,Camerupt,70,100,70,105,75,40,220.0,1.9,Standard,323.0,camerupt,Fire,Ground
OU,sv,Torkoal,70,85,140,85,70,20,80.4,0.5,Standard,324.0,torkoal,Fire,None
LC,sv,Spoink,60,25,35,70,80,60,30.6,0.7,Standard,325.0,spoink,Psychic,None
PU,xy,Grumpig,80,45,65,90,110,80,71.5,0.9,Standard,326.0,grumpig,Psychic,None
PU,bw,Spinda,60,60,60,60,60,60,5.0,1.1,Standard,327.0,spinda,Normal,None
LC,ss,Trapinch,45,100,45,45,45,10,15.0,0.7,Standard,328.0,trapinch,Ground,None
NFE,ss,Vibrava,50,70,50,50,50,70,15.3,1.1,Standard,329.0,vibrava,Ground,Dragon
RU,ss,Flygon,80,100,80,80,80,100,82.0,2.0,Standard,330.0,flygon,Ground,Dragon
LC,sv,Cacnea,50,85,40,85,40,35,51.3,0.4,Standard,331.0,cacnea,Grass,None
NU,sv,Cacturne,70,115,60,115,60,55,77.4,1.3,Standard,332.0,cacturne,Grass,Dark
LC,sv,Swablu,45,40,60,40,75,50,1.2,0.4,Standard,333.0,swablu,Normal,Flying
RU,sv,Altaria,75,70,90,70,105,80,20.6,1.1,Standard,334.0,altaria,Dragon,Flying
NU,sv,Zangoose,73,115,60,60,60,90,40.3,1.3,Standard,335.0,zangoose,Normal,None
PU,bw,Seviper,73,100,60,100,60,65,52.5,2.7,Standard,336.0,seviper,Poison,None
PU,bw,Lunatone,70,55,65,95,85,70,168.0,1.0,Standard,337.0,lunatone,Rock,Psychic
PU,bw,Solrock,70,95,85,55,65,70,154.0,1.2,Standard,338.0,solrock,Rock,Psychic
LC,sv,Barboach,50,48,43,46,41,60,1.9,0.4,Standard,339.0,barboach,Water,Ground
NU,sv,Whiscash,110,78,73,76,71,60,23.6,0.9,Standard,340.0,whiscash,Water,Ground
LC,ss,Corphish,43,80,65,50,35,35,11.5,0.6,Standard,341.0,corphish,Water,None
UU,ss,Crawdaunt,63,120,85,90,55,55,32.8,1.1,Standard,342.0,crawdaunt,Water,Dark
LC,ss,Baltoy,40,40,55,40,70,55,21.5,0.5,Standard,343.0,baltoy,Ground,Psychic
PU,ss,Claydol,60,70,105,70,120,75,108.0,1.5,Standard,344.0,claydol,Ground,Psychic
LC,ss,Lileep,66,41,77,61,87,23,23.8,1.0,Standard,345.0,lileep,Rock,Grass
NU,xy,Cradily,86,81,97,81,107,43,60.4,1.5,Standard,346.0,cradily,Rock,Grass
LC,ss,Anorith,45,95,50,40,50,75,12.5,0.7,Standard,347.0,anorith,Rock,Bug
PU,xy,Armaldo,75,125,100,70,80,45,68.2,1.5,Standard,348.0,armaldo,Rock,Bug
LC,ss,Feebas,20,15,20,10,55,80,7.4,0.6,Standard,349.0,feebas,Water,None
RU,ss,Milotic,95,60,79,100,125,81,162.0,6.2,Standard,350.0,milotic,Water,None
PU,bw,Castform,70,70,70,70,70,70,0.8,0.3,Standard,351.0,castform,Normal,None
NU,xy,Kecleon,60,90,70,60,120,40,22.0,1.0,Standard,352.0,kecleon,Normal,None
LC,sv,Shuppet,44,75,35,63,33,45,2.3,0.6,Standard,353.0,shuppet,Ghost,None
PU,bw,Banette,64,115,65,83,63,65,12.5,1.1,Standard,354.0,banette,Ghost,None
LC,ss,Duskull,20,40,90,30,90,25,15.0,0.8,Standard,355.0,duskull,Ghost,None
NFE,ss,Dusclops,40,70,130,60,130,25,30.6,1.6,Standard,356.0,dusclops,Ghost,None
PU,bw,Tropius,99,68,83,72,87,51,100.0,2.0,Standard,357.0,tropius,Grass,Flying
PU,bw,Chimecho,65,50,70,95,80,65,1.0,0.6,Standard,358.0,chimecho,Psychic,None
PU,ss,Absol,65,130,60,75,60,75,47.0,1.2,Standard,359.0,absol,Dark,None
LC,ss,Wynaut,95,23,48,23,48,23,14.0,0.6,Standard,360.0,wynaut,Psychic,None
LC,sv,Snorunt,50,50,50,50,50,50,16.8,0.7,Standard,361.0,snorunt,Ice,None
PU,bw,Glalie,80,80,80,80,80,80,256.5,1.5,Standard,362.0,glalie,Ice,None
LC,ss,Spheal,70,40,50,55,50,25,39.5,0.8,Standard,363.0,spheal,Ice,Water
NFE,ss,Sealeo,90,60,70,75,70,45,87.6,1.1,Standard,364.0,sealeo,Ice,Water
PU,bw,Walrein,110,80,90,95,90,65,150.6,1.4,Standard,365.0,walrein,Ice,Water
LC,sm,Clamperl,35,64,85,74,55,32,52.5,0.4,Standard,366.0,clamperl,Water,None
PU,bw,Huntail,55,104,105,94,75,52,27.0,1.7,Standard,367.0,huntail,Water,None
PU,xy,Gorebyss,55,84,105,114,75,52,22.6,1.8,Standard,368.0,gorebyss,Water,None
PU,xy,Relicanth,100,90,130,45,65,55,23.4,1.0,Standard,369.0,relicanth,Water,Rock
PU,bw,Luvdisc,43,30,55,40,65,97,8.7,0.6,Standard,370.0,luvdisc,Water,None
LC,sv,Bagon,45,75,60,40,30,50,42.1,0.6,Standard,371.0,bagon,Dragon,None
NFE,sv,Shelgon,65,95,100,60,50,50,110.5,1.1,Standard,372.0,shelgon,Dragon,None
UU,sv,Salamence,95,135,80,110,80,100,102.6,1.5,Standard,373.0,salamence,Dragon,Flying
LC,ss,Beldum,40,55,80,35,60,30,95.2,0.6,Standard,374.0,beldum,Steel,Psychic
NFE,ss,Metang,60,75,100,55,80,50,202.5,1.2,Standard,375.0,metang,Steel,Psychic
RU,ss,Metagross,80,135,130,95,90,70,550.0,1.6,Standard,376.0,metagross,Steel,Psychic
PU,ss,Regirock,80,100,200,50,100,50,230.0,1.7,Standard,377.0,regirock,Rock,None
PU,xy,Regice,80,50,100,100,200,50,175.0,1.8,Standard,378.0,regice,Ice,None
RU,ss,Registeel,80,75,150,75,150,50,205.0,1.9,Standard,379.0,registeel,Steel,None
UUBL,ss,Latias,80,80,90,110,130,110,40.0,1.4,Standard,380.0,latias,Dragon,Psychic
UUBL,ss,Latios,80,90,80,130,110,110,60.0,2.0,Standard,381.0,latios,Dragon,Psychic
Uber,sv,Kyogre,100,100,90,150,140,90,352.0,4.5,Standard,382.0,kyogre,Water,None
Uber,sv,Groudon,100,150,140,100,90,90,950.0,3.5,Standard,383.0,groudon,Ground,None
Uber,sv,Rayquaza,105,150,90,150,90,95,206.5,7.0,Standard,384.0,rayquaza,Dragon,Flying
UU,ss,Jirachi,100,100,100,100,100,100,1.1,0.3,Standard,385.0,jirachi,Steel,Psychic
Uber,sm,Deoxys-Speed,50,95,90,95,90,180,60.8,1.7,Standard,386.0,deoxys-speed,Psychic,None
LC,sm,Turtwig,55,68,64,45,55,31,10.2,0.4,Standard,387.0,turtwig,Grass,None
NFE,sm,Grotle,75,89,85,55,65,36,97.0,1.1,Standard,388.0,grotle,Grass,None
NU,xy,Torterra,95,109,105,75,85,56,310.0,2.2,Standard,389.0,torterra,Grass,Ground
LC,sm,Chimchar,44,58,44,58,44,61,6.2,0.5,Standard,390.0,chimchar,Fire,None
NFE,sm,Monferno,64,78,52,78,52,81,22.0,0.9,Standard,391.0,monferno,Fire,Fighting
UU,sm,Infernape,76,104,71,104,71,108,55.0,1.2,Standard,392.0,infernape,Fire,Fighting
LC,sm,Piplup,53,51,53,61,56,40,5.2,0.4,Standard,393.0,piplup,Water,None
NFE,sm,Prinplup,64,66,68,81,76,50,23.0,0.8,Standard,394.0,prinplup,Water,None
UU,sm,Empoleon,84,86,88,111,101,60,84.5,1.7,Standard,395.0,empoleon,Water,Steel
LC,sv,Starly,40,55,30,30,30,60,2.0,0.3,Standard,396.0,starly,Normal,Flying
NFE,sv,Staravia,55,75,50,40,40,80,15.5,0.6,Standard,397.0,staravia,Normal,Flying
UU,sv,Staraptor,85,120,70,50,60,100,24.9,1.2,Standard,398.0,staraptor,Normal,Flying
LC,sm,Bidoof,59,45,40,35,40,31,20.0,0.5,Standard,399.0,bidoof,Normal,None
PU,bw,Bibarel,79,85,60,55,60,71,31.5,1.0,Standard,400.0,bibarel,Normal,Water
LC,sv,Kricketot,37,25,41,25,41,25,2.2,0.3,Standard,401.0,kricketot,Bug,None
PU,bw,Kricketune,77,85,51,55,51,65,25.5,1.0,Standard,402.0,kricketune,Bug,None
LC,sv,Shinx,45,65,34,40,34,45,9.5,0.5,Standard,403.0,shinx,Electric,None
NFE,sv,Luxio,60,85,49,60,49,60,30.5,0.9,Standard,404.0,luxio,Electric,None
PU,bw,Luxray,80,120,79,95,79,70,42.0,1.4,Standard,405.0,luxray,Electric,None
LC,ss,Budew,40,30,35,50,70,55,1.2,0.2,Standard,406.0,budew,Grass,Poison
RU,ss,Roserade,60,70,65,125,105,90,14.5,0.9,Standard,407.0,roserade,Grass,Poison
LC,sm,Cranidos,67,125,40,30,30,58,31.5,0.9,Standard,408.0,cranidos,Rock,None
PU,xy,Rampardos,97,165,60,65,50,58,102.5,1.6,Standard,409.0,rampardos,Rock,None
LC,sm,Shieldon,30,42,118,42,88,30,57.0,0.5,Standard,410.0,shieldon,Rock,Steel
NU,bw,Bastiodon,60,52,168,47,138,30,149.5,1.3,Standard,411.0,bastiodon,Rock,Steel
LC,sm,Burmy,40,29,45,29,45,36,3.4,0.2,Standard,412.0,burmy,Bug,None
PU,bw,Wormadam-Trash,60,69,95,69,95,36,6.5,0.5,Standard,413.0,wormadam-trash,Bug,Steel
PU,bw,Mothim,70,94,50,94,50,66,23.3,0.9,Standard,414.0,mothim,Bug,Flying
LC,sv,Combee,30,30,42,30,42,70,5.5,0.3,Standard,415.0,combee,Bug,Flying
PU,sv,Vespiquen,70,80,102,80,102,40,38.5,1.2,Standard,416.0,vespiquen,Bug,Flying
PU,bw,Pachirisu,60,45,70,45,90,95,3.9,0.4,Standard,417.0,pachirisu,Electric,None
LC,sv,Buizel,55,65,35,60,30,85,29.5,0.7,Standard,418.0,buizel,Water,None
UU,sv,Floatzel,85,105,55,85,50,115,33.5,1.1,Standard,419.0,floatzel,Water,None
NFE,ss,Cherubi,45,35,45,62,53,35,3.3,0.4,Standard,420.0,cherubi,Grass,None
PU,bw,Cherrim,70,60,70,87,78,85,9.3,0.5,Standard,421.0,cherrim,Grass,None
LC,sv,Shellos,76,48,48,57,62,34,6.3,0.3,Standard,422.0,shellos,Water,None
UU,sv,Gastrodon,111,83,68,92,82,39,29.9,0.9,Standard,423.0,gastrodon,Water,Ground
NU,sm,Ambipom,75,100,66,60,66,115,20.3,1.2,Standard,424.0,ambipom,Normal,None
LC,sv,Drifloon,90,50,34,60,44,70,1.2,0.4,Standard,425.0,drifloon,Ghost,Flying
NU,sv,Drifblim,150,80,44,90,54,80,15.0,1.2,Standard,426.0,drifblim,Ghost,Flying
LC,ss,Buneary,55,66,44,44,56,85,5.5,0.4,Standard,427.0,buneary,Normal,None
PU,bw,Lopunny,65,76,84,54,96,105,33.3,1.2,Standard,428.0,lopunny,Normal,None
RU,sv,Mismagius,60,60,60,105,105,105,4.4,0.9,Standard,429.0,mismagius,Ghost,None
PU,sv,Honchkrow,100,125,52,105,52,71,27.3,0.9,Standard,430.0,honchkrow,Dark,Flying
LC,sm,Glameow,49,55,42,42,37,85,3.9,0.5,Standard,431.0,glameow,Normal,None
PU,bw,Purugly,71,82,64,64,59,112,43.8,1.0,Standard,432.0,purugly,Normal,None
LC,sm,Chingling,45,30,50,65,50,45,0.6,0.2,Standard,433.0,chingling,Psychic,None
LC,sv,Stunky,63,63,47,41,41,74,19.2,0.4,Standard,434.0,stunky,Poison,Dark
PU,sv,Skuntank,103,93,67,71,61,84,38.0,1.0,Standard,435.0,skuntank,Poison,Dark
LC,sv,Bronzor,57,24,86,24,86,23,60.5,0.5,Standard,436.0,bronzor,Steel,Psychic
RU,sv,Bronzong,67,89,116,79,116,33,187.0,1.3,Standard,437.0,bronzong,Steel,Psychic
LC,sv,Bonsly,50,80,95,10,45,10,15.0,0.5,Standard,438.0,bonsly,Rock,None
LC,ss,Mime Jr.,20,25,45,70,90,60,13.0,0.6,Standard,439.0,mime-jr-,Psychic,Fairy
LC,sv,Happiny,100,5,5,15,65,30,24.4,0.6,Standard,440.0,happiny,Normal,None
PU,xy,Chatot,76,65,45,92,42,91,1.9,0.5,Standard,441.0,chatot,Normal,Flying
NU,sv,Spiritomb,50,92,108,92,108,35,108.0,1.0,Standard,442.0,spiritomb,Ghost,Dark
LC,sv,Gible,58,70,45,40,45,42,20.5,0.7,Standard,443.0,gible,Dragon,Ground
PU,sv,Gabite,68,90,65,50,55,82,56.0,1.4,Standard,444.0,gabite,Dragon,Ground
OU,sv,Garchomp,108,130,95,80,85,102,95.0,1.9,Standard,445.0,garchomp,Dragon,Ground
LC,ss,Munchlax,135,85,40,40,85,5,105.0,0.6,Standard,446.0,munchlax,Normal,None
LC,sv,Riolu,40,70,40,35,40,60,20.2,0.7,Standard,447.0,riolu,Fighting,None
UU,sv,Lucario,70,110,70,115,70,90,54.0,1.2,Standard,448.0,lucario,Fighting,Steel
LC,sv,Hippopotas,68,72,78,38,42,32,49.5,0.8,Standard,449.0,hippopotas,Ground,None
UU,sv,Hippowdon,108,112,118,68,72,47,300.0,2.0,Standard,450.0,hippowdon,Ground,None
LC,ss,Skorupi,40,50,90,30,55,65,12.0,0.8,Standard,451.0,skorupi,Poison,Bug
NU,ss,Drapion,70,90,110,60,75,95,61.5,1.3,Standard,452.0,drapion,Poison,Dark
LC,sv,Croagunk,48,61,40,61,40,50,23.0,0.7,Standard,453.0,croagunk,Poison,Fighting
NU,sv,Toxicroak,83,106,65,86,65,85,44.4,1.3,Standard,454.0,toxicroak,Poison,Fighting
PU,bw,Carnivine,74,100,72,90,72,46,27.0,1.4,Standard,455.0,carnivine,Grass,None
LC,sv,Finneon,49,49,56,49,61,66,7.0,0.4,Standard,456.0,finneon,Water,None
PU,xy,Lumineon,69,69,76,69,86,91,24.0,1.2,Standard,457.0,lumineon,Water,None
LC,ss,Mantyke,45,20,50,60,120,50,65.0,1.0,Standard,458.0,mantyke,Water,Flying
LC,sv,Snover,60,62,50,62,60,40,50.5,1.0,Standard,459.0,snover,Grass,Ice
RU,sv,Abomasnow,90,92,75,92,85,60,135.5,2.2,Standard,460.0,abomasnow,Grass,Ice
RU,sv,Weavile,70,120,65,45,85,125,34.0,1.1,Standard,461.0,weavile,Dark,Ice
UU,sv,Magnezone,70,70,115,130,90,60,180.0,1.2,Standard,462.0,magnezone,Electric,Steel
PU,xy,Lickilicky,110,85,95,80,95,50,140.0,1.7,Standard,463.0,lickilicky,Normal,None
RU,ss,Rhyperior,115,140,130,55,55,40,282.8,2.4,Standard,464.0,rhyperior,Ground,Rock
UU,ss,Tangrowth,100,100,125,110,50,50,128.6,2.0,Standard,465.0,tangrowth,Grass,None
NU,xy,Electivire,75,123,67,95,85,95,138.6,1.8,Standard,466.0,electivire,Electric,None
NU,sm,Magmortar,75,95,67,125,95,83,68.0,1.6,Standard,467.0,magmortar,Fire,None
RU,ss,Togekiss,85,50,95,120,115,80,38.0,1.5,Standard,468.0,togekiss,Fairy,Flying
RU,sm,Yanmega,86,76,86,116,56,95,51.5,1.9,Standard,469.0,yanmega,Bug,Flying
PU,xy,Leafeon,65,110,130,60,65,95,25.5,1.0,Standard,470.0,leafeon,Grass,None
PU,sv,Glaceon,65,60,110,130,95,65,25.9,0.8,Standard,471.0,glaceon,Ice,None
OU,sm,Gliscor,75,95,125,45,75,95,42.5,2.0,Standard,472.0,gliscor,Ground,Flying
UU,ss,Mamoswine,110,130,80,70,60,80,291.0,2.5,Standard,473.0,mamoswine,Ice,Ground
NUBL,ss,Porygon-Z,85,80,70,135,75,90,34.0,0.9,Standard,474.0,porygon-z,Normal,None
UU,sv,Gallade,68,125,65,65,115,80,52.0,1.6,Standard,475.0,gallade,Psychic,Fighting
PU,xy,Probopass,60,55,145,75,150,40,340.0,1.4,Standard,476.0,probopass,Rock,Steel
PU,xy,Dusknoir,45,100,135,65,135,45,106.6,2.2,Standard,477.0,dusknoir,Ghost,None
RU,sv,Froslass,70,80,70,80,70,110,26.6,1.3,Standard,478.0,froslass,Ice,Ghost
OU,sv,Rotom-Wash,50,65,107,105,107,86,0.3,0.3,Standard,479.0,rotom-wash,Electric,Water
OU,sv,Uxie,75,75,130,75,130,95,0.3,0.3,Standard,480.0,uxie,Psychic,None
OU,sv,Mesprit,80,105,105,105,105,80,0.3,0.3,Standard,481.0,mesprit,Psychic,None
OU,sv,Azelf,75,125,70,125,70,115,0.3,0.3,Standard,482.0,azelf,Psychic,None
Uber,sv,Dialga-Origin,100,100,120,150,120,90,850.0,7.0,Standard,483.0,dialga-origin,Steel,Dragon
Uber,sv,Palkia-Origin,90,100,100,150,120,120,660.0,6.3,Standard,484.0,palkia-origin,Water,Dragon
OU,sv,Heatran,91,90,106,130,106,77,430.0,1.7,Standard,485.0,heatran,Fire,Steel
PU,bw,Regigigas,110,160,110,80,110,100,420.0,3.7,Standard,486.0,regigigas,Normal,None
Uber,sv,Giratina-Origin,150,120,100,120,100,90,650.0,6.9,Standard,487.0,giratina-origin,Ghost,Dragon
OU,sv,Cresselia,120,70,110,75,120,85,85.6,1.5,Standard,488.0,cresselia,Psychic,None
PU,bw,Phione,80,80,80,80,80,80,3.1,0.4,Standard,489.0,phione,Water,None
OU,sm,Manaphy,100,100,100,100,100,100,1.4,0.3,Standard,490.0,manaphy,Water,None
Uber,sm,Darkrai,70,90,90,135,90,125,50.5,1.5,Standard,491.0,darkrai,Dark,None
Uber,sm,Shaymin-Sky,100,103,75,120,75,127,5.2,0.4,Standard,492.0,shaymin-sky,Grass,Flying
Uber,sv,Arceus-Fairy,120,120,120,120,120,120,320.0,3.2,Standard,493.0,arceus-fairy,Fairy,None
OU,ss,Victini,100,100,100,100,100,100,4.0,0.4,Standard,494.0,victini,Psychic,Fire
LC,sm,Snivy,45,45,55,45,55,63,8.1,0.6,Standard,495.0,snivy,Grass,None
NFE,sm,Servine,60,60,75,60,75,83,16.0,0.8,Standard,496.0,servine,Grass,None
OU,sm,Serperior,75,75,95,75,95,113,63.0,3.3,Standard,497.0,serperior,Grass,None
LC,sm,Tepig,65,63,45,45,45,45,9.9,0.5,Standard,498.0,tepig,Fire,None
NFE,sm,Pignite,90,93,55,70,55,55,55.5,1.0,Standard,499.0,pignite,Fire,Fighting
NUBL,sm,Emboar,110,123,65,100,65,65,150.0,1.6,Standard,500.0,emboar,Fire,Fighting
LC,sv,Oshawott,55,55,45,63,45,45,5.9,0.5,Standard,501.0,oshawott,Water,None
NFE,sv,Dewott,75,75,60,83,60,60,24.5,0.8,Standard,502.0,dewott,Water,None
OU,sv,Samurott-Hisui,90,108,80,100,65,85,58.2,1.5,Standard,503.0,samurott-hisui,Water,Dark
LC,sm,Patrat,45,55,39,35,39,42,11.6,0.5,Standard,504.0,patrat,Normal,None
PU,bw,Watchog,60,85,69,60,69,77,27.0,1.1,Standard,505.0,watchog,Normal,None
LC,ss,Lillipup,45,60,45,25,45,55,4.1,0.4,Standard,506.0,lillipup,Normal,None
NFE,ss,Herdier,65,80,65,35,65,60,14.7,0.9,Standard,507.0,herdier,Normal,None
PU,sm,Stoutland,85,110,90,45,90,80,61.0,1.2,Standard,508.0,stoutland,Normal,None
LC,ss,Purrloin,41,50,37,50,37,66,10.1,0.4,Standard,509.0,purrloin,Dark,None
PU,sm,Liepard,64,88,50,88,50,106,37.5,1.1,Standard,510.0,liepard,Dark,None
LC,sm,Pansage,50,53,48,53,48,64,10.5,0.6,Standard,511.0,pansage,Grass,None
PU,bw,Simisage,75,98,63,98,63,101,30.5,1.1,Standard,512.0,simisage,Grass,None
LC,sm,Pansear,50,53,48,53,48,64,11.0,0.6,Standard,513.0,pansear,Fire,None
PU,bw,Simisear,75,98,63,98,63,101,28.0,1.0,Standard,514.0,simisear,Fire,None
LC,sm,Panpour,50,53,48,53,48,64,13.5,0.6,Standard,515.0,panpour,Water,None
PUBL,bw,Simipour,75,98,63,98,63,101,29.0,1.0,Standard,516.0,simipour,Water,None
LC,ss,Munna,76,25,45,67,55,24,23.3,0.6,Standard,517.0,munna,Psychic,None
PU,sm,Musharna,116,55,85,107,95,29,60.5,1.1,Standard,518.0,musharna,Psychic,None
LC,ss,Pidove,50,55,50,36,30,43,2.1,0.3,Standard,519.0,pidove,Normal,Flying
NFE,ss,Tranquill,62,77,62,50,42,65,15.0,0.6,Standard,520.0,tranquill,Normal,Flying
PU,bw,Unfezant,80,105,80,65,55,93,29.0,1.2,Standard,521.0,unfezant,Normal,Flying
LC,sm,Blitzle,45,60,32,50,32,76,29.8,0.8,Standard,522.0,blitzle,Electric,None
PU,xy,Zebstrika,75,100,63,80,63,116,79.5,1.6,Standard,523.0,zebstrika,Electric,None
LC,ss,Roggenrola,55,75,85,25,25,15,18.0,0.4,Standard,524.0,roggenrola,Rock,None
NFE,ss,Boldore,70,105,105,50,40,20,102.0,0.9,Standard,525.0,boldore,Rock,None
PU,ss,Gigalith,85,135,130,60,80,25,260.0,1.7,Standard,526.0,gigalith,Rock,None
NFE,ss,Woobat,65,45,43,55,43,72,2.1,0.4,Standard,527.0,woobat,Psychic,Flying
PU,bw,Swoobat,67,57,55,77,55,114,10.5,0.9,Standard,528.0,swoobat,Psychic,Flying
LC,ss,Drilbur,60,85,40,30,45,68,8.5,0.3,Standard,529.0,drilbur,Ground,None
UU,ss,Excadrill,110,135,60,50,65,88,40.4,0.7,Standard,530.0,excadrill,Ground,Steel
PU,ss,Audino,103,60,86,60,86,50,31.0,1.1,Standard,531.0,audino,Normal,None
LC,ss,Timburr,75,80,55,25,35,35,12.5,0.6,Standard,532.0,timburr,Fighting,None
NFE,ss,Gurdurr,85,105,85,40,50,40,40.0,1.2,Standard,533.0,gurdurr,Fighting,None
UU,ss,Conkeldurr,105,140,95,55,65,45,87.0,1.4,Standard,534.0,conkeldurr,Fighting,None
LC,ss,Tympole,50,50,40,50,40,64,4.5,0.5,Standard,535.0,tympole,Water,None
NFE,ss,Palpitoad,75,65,55,65,55,69,17.0,0.8,Standard,536.0,palpitoad,Water,Ground
RU,ss,Seismitoad,105,95,75,85,75,74,62.0,1.5,Standard,537.0,seismitoad,Water,Ground
PUBL,xy,Throh,120,100,85,30,85,45,55.5,1.3,Standard,538.0,throh,Fighting,None
PUBL,sm,Sawk,75,125,75,30,75,85,51.0,1.4,Standard,539.0,sawk,Fighting,None
LC,sm,Sewaddle,45,53,70,40,60,42,2.5,0.3,Standard,540.0,sewaddle,Bug,Grass
NFE,sm,Swadloon,55,63,90,50,80,42,7.3,0.5,Standard,541.0,swadloon,Bug,Grass
PU,xy,Leavanny,75,103,80,70,80,92,20.5,1.2,Standard,542.0,leavanny,Bug,Grass
LC,ss,Venipede,30,45,59,30,39,57,5.3,0.4,Standard,543.0,venipede,Bug,Poison
NFE,ss,Whirlipede,40,55,99,40,79,47,58.5,1.2,Standard,544.0,whirlipede,Bug,Poison
RUBL,ss,Scolipede,60,100,89,55,69,112,200.5,2.5,Standard,545.0,scolipede,Bug,Poison
LC,ss,Cottonee,40,27,60,37,50,66,0.6,0.3,Standard,546.0,cottonee,Grass,Fairy
PU,ss,Whimsicott,60,67,85,77,75,116,6.6,0.7,Standard,547.0,whimsicott,Grass,Fairy
LC,sv,Petilil,45,35,50,70,50,30,6.6,0.5,Standard,548.0,petilil,Grass,None
OU,sv,Lilligant-Hisui,70,105,75,50,75,105,19.2,1.2,Standard,549.0,lilligant-hisui,Grass,Fighting
NFE,sv,Basculin-White-Striped,70,92,65,80,55,98,18.0,1.0,Standard,550.0,basculin-white-striped,Water,None
LC,sv,Sandile,50,72,35,35,35,65,15.2,0.7,Standard,551.0,sandile,Ground,Dark
NFE,sv,Krokorok,60,82,45,45,45,74,33.4,1.0,Standard,552.0,krokorok,Ground,Dark
RU,sv,Krookodile,95,117,80,65,70,92,96.3,1.5,Standard,553.0,krookodile,Ground,Dark
LC,ss,Darumaka-Galar,70,90,45,15,45,50,40.0,0.7,Standard,554.0,darumaka-galar,Ice,None
Uber,ss,Darmanitan-Galar,105,140,55,30,55,95,120.0,1.7,Standard,555.0,darmanitan-galar,Ice,None
PU,bw,Maractus,75,86,67,106,67,60,28.0,1.0,Standard,556.0,maractus,Grass,None
LC,ss,Dwebble,50,65,85,35,35,55,14.5,0.3,Standard,557.0,dwebble,Bug,Rock
PU,xy,Crustle,70,95,125,65,75,45,200.0,1.4,Standard,558.0,crustle,Bug,Rock
NFE,ss,Scraggy,50,75,70,35,70,48,11.8,0.6,Standard,559.0,scraggy,Dark,Fighting
PUBL,ss,Scrafty,65,90,115,45,115,58,30.0,1.1,Standard,560.0,scrafty,Dark,Fighting
NUBL,ss,Sigilyph,72,58,80,103,80,97,14.0,1.4,Standard,561.0,sigilyph,Psychic,Flying
LC,ss,Yamask-Galar,38,55,85,30,65,30,1.5,0.5,Standard,562.0,yamask-galar,Ground,Ghost
NUBL,sm,Cofagrigus,58,50,145,95,105,30,76.5,1.7,Standard,563.0,cofagrigus,Ghost,None
LC,ss,Tirtouga,54,78,103,53,45,22,16.5,0.7,Standard,564.0,tirtouga,Water,Rock
PU,sm,Carracosta,74,108,133,83,65,32,81.0,1.2,Standard,565.0,carracosta,Water,Rock
LC,ss,Archen,55,112,45,74,45,70,9.5,0.5,Standard,566.0,archen,Rock,Flying
PU,ss,Archeops,75,140,65,112,65,110,32.0,1.4,Standard,567.0,archeops,Rock,Flying
LC,ss,Trubbish,50,50,62,40,62,65,31.0,0.6,Standard,568.0,trubbish,Poison,None
PU,ss,Garbodor,80,95,82,60,82,75,107.3,1.9,Standard,569.0,garbodor,Poison,None
LC,sv,Zorua-Hisui,35,60,40,85,40,70,12.5,0.7,Standard,570.0,zorua-hisui,Normal,Ghost
OU,sv,Zoroark-Hisui,55,100,60,125,60,110,73.0,1.6,Standard,571.0,zoroark-hisui,Normal,Ghost
LC,ss,Minccino,55,50,40,40,40,75,5.8,0.4,Standard,572.0,minccino,Normal,None
PU,ss,Cinccino,75,95,60,65,60,115,7.5,0.5,Standard,573.0,cinccino,Normal,None
LC,sv,Gothita,45,30,50,55,65,45,5.8,0.4,Standard,574.0,gothita,Psychic,None
NFE,sv,Gothorita,60,45,70,75,85,55,18.0,0.7,Standard,575.0,gothorita,Psychic,None
UUBL,bw,Gothitelle,70,55,95,95,110,65,44.0,1.5,Standard,576.0,gothitelle,Psychic,None
LC,ss,Solosis,45,30,40,105,50,20,1.0,0.3,Standard,577.0,solosis,Psychic,None
NFE,ss,Duosion,65,40,50,125,60,30,8.0,0.6,Standard,578.0,duosion,Psychic,None
RU,ss,Reuniclus,110,65,75,125,85,30,20.1,1.0,Standard,579.0,reuniclus,Psychic,None
LC,sm,Ducklett,62,44,50,44,50,55,5.5,0.5,Standard,580.0,ducklett,Water,Flying
PU,xy,Swanna,75,87,63,87,63,98,24.2,1.3,Standard,581.0,swanna,Water,Flying
LC,ss,Vanillite,36,50,50,65,60,44,5.7,0.4,Standard,582.0,vanillite,Ice,None
NFE,ss,Vanillish,51,65,65,80,75,59,41.0,1.1,Standard,583.0,vanillish,Ice,None
PUBL,ss,Vanilluxe,71,95,85,110,95,79,57.5,1.3,Standard,584.0,vanilluxe,Ice,None
LC,sv,Deerling,60,60,50,40,50,75,19.5,0.6,Standard,585.0,deerling,Normal,Grass
PU,sv,Sawsbuck,80,100,70,60,70,95,92.5,1.9,Standard,586.0,sawsbuck,Normal,Grass
PU,bw,Emolga,55,75,60,75,60,103,5.0,0.4,Standard,587.0,emolga,Electric,Flying
LC,ss,Karrablast,50,75,45,40,45,60,5.9,0.5,Standard,588.0,karrablast,Bug,None
NU,ss,Escavalier,70,135,105,60,105,20,33.0,1.0,Standard,589.0,escavalier,Bug,Steel
LC,sv,Foongus,69,55,45,55,55,15,1.0,0.2,Standard,590.0,foongus,Grass,Poison
OU,sv,Amoonguss,114,85,70,85,80,30,10.5,0.6,Standard,591.0,amoonguss,Grass,Poison
LC,ss,Frillish,55,40,50,65,85,40,33.0,1.2,Standard,592.0,frillish,Water,Ghost
PU,ss,Jellicent,100,60,70,85,105,60,135.0,2.2,Standard,593.0,jellicent,Water,Ghost
UU,sv,Alomomola,165,75,80,40,45,65,31.6,1.2,Standard,594.0,alomomola,Water,None
LC,ss,Joltik,50,47,50,57,50,65,0.6,0.1,Standard,595.0,joltik,Bug,Electric
PU,ss,Galvantula,70,77,60,97,60,108,14.3,0.8,Standard,596.0,galvantula,Bug,Electric
PU,ss,Ferroseed,44,50,91,24,86,10,18.8,0.6,Standard,597.0,ferroseed,Grass,Steel
OU,ss,Ferrothorn,74,94,131,54,116,20,110.0,1.0,Standard,598.0,ferrothorn,Grass,Steel
LC,ss,Klink,40,55,70,45,60,30,21.0,0.3,Standard,599.0,klink,Steel,None
NFE,ss,Klang,60,80,95,70,85,50,51.0,0.6,Standard,600.0,klang,Steel,None
NU,sm,Klinklang,60,100,115,70,85,90,81.0,0.6,Standard,601.0,klinklang,Steel,None
LC,sv,Tynamo,35,55,40,45,40,60,0.3,0.2,Standard,602.0,tynamo,Electric,None
NFE,sv,Eelektrik,65,85,70,75,70,40,22.0,1.2,Standard,603.0,eelektrik,Electric,None
NU,sv,Eelektross,85,115,80,105,80,50,80.5,2.1,Standard,604.0,eelektross,Electric,None
LC,ss,Elgyem,55,55,55,85,55,30,9.0,0.5,Standard,605.0,elgyem,Psychic,None
PU,xy,Beheeyem,75,75,75,125,95,40,34.5,1.0,Standard,606.0,beheeyem,Psychic,None
LC,ss,Litwick,50,30,55,65,55,20,3.1,0.3,Standard,607.0,litwick,Ghost,Fire
NFE,ss,Lampent,60,40,60,95,60,55,13.0,0.6,Standard,608.0,lampent,Ghost,Fire
RU,ss,Chandelure,60,55,90,145,90,80,34.3,1.0,Standard,609.0,chandelure,Ghost,Fire
LC,sv,Axew,46,87,60,30,40,57,18.0,0.6,Standard,610.0,axew,Dragon,None
NFE,sv,Fraxure,66,117,70,40,50,67,36.0,1.0,Standard,611.0,fraxure,Dragon,None
UU,sv,Haxorus,76,147,90,60,70,97,105.5,1.8,Standard,612.0,haxorus,Dragon,None
LC,sv,Cubchoo,55,70,40,60,40,40,8.5,0.5,Standard,613.0,cubchoo,Ice,None
PU,bw,Beartic,95,110,80,70,80,50,260.0,2.6,Standard,614.0,beartic,Ice,None
RU,sv,Cryogonal,80,50,50,95,135,105,148.0,1.1,Standard,615.0,cryogonal,Ice,None
LC,ss,Shelmet,50,40,85,40,65,25,7.7,0.4,Standard,616.0,shelmet,Bug,None
NU,sm,Accelgor,80,70,40,100,60,145,25.3,0.8,Standard,617.0,accelgor,Bug,None
PU,xy,Stunfisk,109,66,84,81,99,32,11.0,0.7,Standard,618.0,stunfisk,Ground,Electric
LC,ss,Mienfoo,45,85,50,55,50,65,20.0,0.9,Standard,619.0,mienfoo,Fighting,None
UUBL,ss,Mienshao,65,125,60,95,60,105,35.5,1.4,Standard,620.0,mienshao,Fighting,None
PU,ss,Druddigon,77,120,90,60,90,48,139.0,1.6,Standard,621.0,druddigon,Dragon,None
LC,ss,Golett,59,74,50,35,50,35,92.0,1.0,Standard,622.0,golett,Ground,Ghost
NU,ss,Golurk,89,124,80,55,80,55,330.0,2.8,Standard,623.0,golurk,Ground,Ghost
LC,sv,Pawniard,45,85,70,40,40,60,10.2,0.5,Standard,624.0,pawniard,Dark,Steel
UU,sv,Bisharp,65,125,100,60,70,70,70.0,1.6,Standard,625.0,bisharp,Dark,Steel
PU,xy,Bouffalant,95,110,95,40,95,55,94.6,1.6,Standard,626.0,bouffalant,Normal,None
NFE,sv,Rufflet,70,83,50,37,50,60,10.5,0.5,Standard,627.0,rufflet,Normal,Flying
OU,sv,Braviary-Hisui,110,83,70,112,70,65,43.4,1.7,Standard,628.0,braviary-hisui,Psychic,Flying
NFE,ss,Vullaby,70,55,75,45,65,60,9.0,0.5,Standard,629.0,vullaby,Dark,Flying
UU,ss,Mandibuzz,110,65,105,55,95,80,39.5,1.2,Standard,630.0,mandibuzz,Dark,Flying
PU,bw,Heatmor,85,97,66,105,66,65,58.0,1.4,Standard,631.0,heatmor,Fire,None
RUBL,ss,Durant,58,109,112,48,48,109,33.0,0.3,Standard,632.0,durant,Bug,Steel
LC,sv,Deino,52,65,50,45,50,38,17.3,0.8,Standard,633.0,deino,Dark,Dragon
NFE,sv,Zweilous,72,85,70,65,70,58,50.0,1.4,Standard,634.0,zweilous,Dark,Dragon
OU,sv,Hydreigon,92,105,90,125,90,98,160.0,1.8,Standard,635.0,hydreigon,Dark,Dragon
LC,sv,Larvesta,55,85,55,50,55,60,28.8,1.1,Standard,636.0,larvesta,Bug,Fire
OU,sv,Volcarona,85,60,65,135,105,100,46.0,1.6,Standard,637.0,volcarona,Bug,Fire
UU,ss,Cobalion,91,90,129,90,72,108,250.0,2.1,Standard,638.0,cobalion,Steel,Fighting
UUBL,ss,Terrakion,91,129,90,72,90,108,260.0,1.9,Standard,639.0,terrakion,Rock,Fighting
PUBL,ss,Virizion,91,90,72,90,129,108,200.0,2.0,Standard,640.0,virizion,Grass,Fighting
OU,sv,Tornadus-Therian,79,100,80,110,90,121,63.0,1.4,Standard,641.0,tornadus-therian,Flying,None
OU,sv,Thundurus-Therian,79,105,70,145,80,101,61.0,3.0,Standard,642.0,thundurus-therian,Electric,Flying
Uber,ss,Reshiram,100,120,100,150,120,90,330.0,3.2,Standard,643.0,reshiram,Dragon,Fire
Uber,ss,Zekrom,100,150,120,120,100,90,345.0,2.9,Standard,644.0,zekrom,Dragon,Electric
OU,sv,Landorus-Therian,89,145,90,105,80,91,68.0,1.3,Standard,645.0,landorus-therian,Ground,Flying
Uber,ss,Kyurem-White,125,120,90,170,100,95,325.0,3.6,Standard,646.0,kyurem-white,Dragon,Ice
UU,ss,Keldeo-Resolute,91,72,90,129,90,108,48.5,1.4,Standard,647.0,keldeo-resolute,Water,Fighting
OU,sv,Meloetta,100,77,77,128,128,90,6.5,0.6,Standard,648.0,meloetta,Normal,Psychic
Uber,ss,Genesect-Shock,71,120,95,120,95,99,82.5,1.5,Standard,649.0,genesect-shock,Bug,Steel
LC,sv,Chespin,56,61,65,48,45,38,9.0,0.4,Standard,650.0,chespin,Grass,None
NFE,sv,Quilladin,61,78,95,56,58,57,29.0,0.7,Standard,651.0,quilladin,Grass,None
OU,sv,Chesnaught,88,107,122,74,75,64,90.0,1.6,Standard,652.0,chesnaught,Grass,Fighting
LC,sv,Fennekin,40,45,40,62,60,60,9.4,0.4,Standard,653.0,fennekin,Fire,None
NFE,sv,Braixen,59,59,58,90,70,73,14.5,1.0,Standard,654.0,braixen,Fire,None
OU,sv,Delphox,75,69,72,114,100,104,39.0,1.5,Standard,655.0,delphox,Fire,Psychic
LC,sv,Froakie,41,56,40,62,44,71,7.0,0.3,Standard,656.0,froakie,Water,None
PU,sv,Frogadier,54,63,52,83,56,97,10.9,0.6,Standard,657.0,frogadier,Water,None
UU,sv,Greninja,72,95,67,103,71,122,40.0,1.5,Standard,658.0,greninja,Water,Dark
LC,ss,Bunnelby,38,36,38,32,36,57,5.0,0.4,Standard,659.0,bunnelby,Normal,None
RUBL,ss,Diggersby,85,56,77,50,77,78,42.4,1.0,Standard,660.0,diggersby,Normal,Ground
LC,sv,Fletchling,45,50,43,40,38,62,1.7,0.3,Standard,661.0,fletchling,Normal,Flying
NFE,sv,Fletchinder,62,73,55,56,52,84,16.0,0.7,Standard,662.0,fletchinder,Fire,Flying
UU,sv,Talonflame,78,81,71,74,69,126,24.5,1.2,Standard,663.0,talonflame,Fire,Flying
LC,sv,Scatterbug,38,35,40,27,25,35,2.5,0.3,Standard,664.0,scatterbug,Bug,None
NFE,sv,Spewpa,45,22,60,27,30,29,8.4,0.3,Standard,665.0,spewpa,Bug,None
PUBL,sv,Vivillon-Pokeball,80,52,50,90,50,89,17.0,1.2,Standard,666.0,vivillon-pokeball,Bug,Flying
LC,sv,Litleo,62,50,58,73,54,72,13.5,0.6,Standard,667.0,litleo,Fire,Normal
PU,sv,Pyroar,86,68,72,109,66,106,81.5,1.5,Standard,668.0,pyroar,Fire,Normal
LC,sv,Flabebe,44,38,39,61,79,42,0.1,0.1,Standard,669.0,flabebe,Fairy,None
NFE,sv,Floette,54,45,47,75,98,52,0.9,0.2,Standard,670.0,floette,Fairy,None
NUBL,sv,Florges,78,65,68,112,154,75,10.0,1.1,Standard,671.0,florges,Fairy,None
LC,sv,Skiddo,66,65,48,62,57,52,31.0,0.9,Standard,672.0,skiddo,Grass,None
PU,sv,Gogoat,123,100,62,97,81,68,91.0,1.7,Standard,673.0,gogoat,Grass,None
LC,ss,Pancham,67,82,62,46,48,43,8.0,0.6,Standard,674.0,pancham,Fighting,None
NUBL,ss,Pangoro,95,124,78,69,71,58,136.0,2.1,Standard,675.0,pangoro,Fighting,Dark
LC,ss,Espurr,62,48,54,63,60,68,3.5,0.3,Standard,677.0,espurr,Psychic,None
LC,ss,Honedge,45,80,100,35,37,28,2.0,0.8,Standard,679.0,honedge,Steel,Ghost
PU,ss,Doublade,59,110,150,45,49,35,4.5,0.8,Standard,680.0,doublade,Steel,Ghost
UUBL,ss,Aegislash,60,50,140,50,140,60,53.0,1.7,Standard,681.0,aegislash,Steel,Ghost
LC,ss,Spritzee,78,52,60,63,65,23,0.5,0.2,Standard,682.0,spritzee,Fairy,None
PU,ss,Aromatisse,101,72,72,99,89,29,15.5,0.8,Standard,683.0,aromatisse,Fairy,None
NFE,ss,Swirlix,62,48,66,59,57,49,3.5,0.4,Standard,684.0,swirlix,Fairy,None
NUBL,ss,Slurpuff,82,80,86,85,75,72,5.0,0.8,Standard,685.0,slurpuff,Fairy,None
LC,ss,Inkay,53,54,53,37,46,45,3.5,0.4,Standard,686.0,inkay,Dark,Psychic
NU,sm,Malamar,86,92,88,68,75,73,47.0,1.5,Standard,687.0,malamar,Dark,Psychic
LC,ss,Binacle,42,52,67,39,56,50,31.0,0.5,Standard,688.0,binacle,Rock,Water
NUBL,ss,Barbaracle,72,105,115,54,86,68,96.0,1.3,Standard,689.0,barbaracle,Rock,Water
LC,sv,Skrelp,50,60,60,60,60,30,7.3,0.5,Standard,690.0,skrelp,Poison,Water
RU,sv,Dragalge,65,75,90,97,123,44,81.5,1.8,Standard,691.0,dragalge,Poison,Dragon
LC,sv,Clauncher,50,53,62,58,63,44,8.3,0.5,Standard,692.0,clauncher,Water,None
NU,sv,Clawitzer,71,73,88,120,89,59,35.3,1.3,Standard,693.0,clawitzer,Water,None
LC,ss,Helioptile,44,38,33,61,43,70,6.0,0.5,Standard,694.0,helioptile,Electric,Normal
NU,ss,Heliolisk,62,55,52,109,94,109,21.0,1.0,Standard,695.0,heliolisk,Electric,Normal
LC,ss,Tyrunt,58,89,77,45,45,48,26.0,0.8,Standard,696.0,tyrunt,Rock,Dragon
NU,ss,Tyrantrum,82,121,119,69,59,71,270.0,2.5,Standard,697.0,tyrantrum,Rock,Dragon
LC,ss,Amaura,77,59,50,67,63,46,25.2,1.3,Standard,698.0,amaura,Rock,Ice
PU,sm,Aurorus,123,77,72,99,92,58,225.0,2.7,Standard,699.0,aurorus,Rock,Ice
RU,sv,Sylveon,95,65,65,110,130,60,23.5,1.0,Standard,700.0,sylveon,Fairy,None
RUBL,sv,Hawlucha,78,92,75,74,63,118,21.5,0.8,Standard,701.0,hawlucha,Fighting,Flying
OU,sv,Carbink,50,50,150,50,150,50,5.7,0.3,Standard,703.0,carbink,Rock,Fairy
LC,sv,Goomy,45,50,35,55,75,40,2.8,0.3,Standard,704.0,goomy,Dragon,None
NFE,sv,Sliggoo-Hisui,58,75,83,83,113,40,68.5,0.7,Standard,705.0,sliggoo-hisui,Steel,Dragon
OU,sv,Goodra-Hisui,80,100,100,110,150,60,334.1,1.7,Standard,706.0,goodra-hisui,Steel,Dragon
RU,sv,Klefki,57,80,91,80,87,75,3.0,0.2,Standard,707.0,klefki,Steel,Fairy
LC,ss,Phantump,43,70,48,50,60,38,7.0,0.4,Standard,708.0,phantump,Ghost,Grass
PU,xy,Trevenant,85,110,76,65,82,56,71.0,1.5,Standard,709.0,trevenant,Ghost,Grass
LC,ss,Pumpkaboo-Super,59,66,70,44,55,41,15.0,0.8,Standard,710.0,pumpkaboo-super,Ghost,Grass
PU,xy,Gourgeist-Super,85,100,122,58,75,54,39.0,1.7,Standard,711.0,gourgeist-super,Ghost,Grass
LC,sv,Bergmite,55,69,85,32,35,28,99.5,1.0,Standard,712.0,bergmite,Ice,None
OU,sv,Avalugg-Hisui,95,127,184,34,36,38,262.4,1.4,Standard,713.0,avalugg-hisui,Ice,Rock
LC,sv,Noibat,40,30,35,45,40,55,8.0,0.5,Standard,714.0,noibat,Flying,Dragon
UU,sv,Noivern,85,70,80,97,80,123,85.0,1.5,Standard,715.0,noivern,Flying,Dragon
Uber,ss,Xerneas,126,131,95,131,98,99,215.0,3.0,Standard,716.0,xerneas,Fairy,None
Uber,ss,Yveltal,126,131,95,131,98,99,203.0,5.8,Standard,717.0,yveltal,Dark,Flying
UU,ss,Zygarde-10%,54,100,71,61,85,115,33.5,1.2,Standard,718.0,zygarde-10-,Dragon,Ground
OU,sv,Diancie,50,100,150,100,150,50,8.8,0.7,Standard,719.0,diancie,Rock,Fairy
OU,sv,Hoopa-Unbound,80,160,60,170,130,80,490.0,6.5,Standard,720.0,hoopa-unbound,Psychic,Dark
OU,sv,Volcanion,80,110,120,130,90,70,195.0,1.7,Standard,721.0,volcanion,Fire,Water
LC,sv,Rowlet,68,55,55,50,50,42,1.5,0.3,Standard,722.0,rowlet,Grass,Flying
PU,sv,Dartrix,78,75,75,70,70,52,16.0,0.7,Standard,723.0,dartrix,Grass,Flying
OU,sv,Decidueye-Hisui,88,112,80,95,95,60,37.0,1.6,Standard,724.0,decidueye-hisui,Grass,Fighting
LC,ss,Litten,45,65,40,60,40,70,4.3,0.4,Standard,725.0,litten,Fire,None
NFE,ss,Torracat,65,85,50,80,50,90,25.0,0.7,Standard,726.0,torracat,Fire,None
RU,ss,Incineroar,95,115,90,80,90,60,83.0,1.8,Standard,727.0,incineroar,Fire,Dark
LC,ss,Popplio,50,54,54,66,56,40,7.5,0.4,Standard,728.0,popplio,Water,None
NFE,ss,Brionne,60,69,69,91,81,50,17.5,0.6,Standard,729.0,brionne,Water,None
UU,ss,Primarina,80,74,74,126,116,60,44.0,1.8,Standard,730.0,primarina,Water,Fairy
LC,sm,Pikipek,35,75,30,30,30,65,1.2,0.3,Standard,731.0,pikipek,Normal,Flying
NFE,sm,Trumbeak,55,85,50,40,50,75,14.8,0.6,Standard,732.0,trumbeak,Normal,Flying
LC,sv,Yungoos,48,70,30,30,30,45,6.0,0.4,Standard,734.0,yungoos,Normal,None
LC,ss,Grubbin,47,62,45,55,45,46,4.4,0.4,Standard,736.0,grubbin,Bug,None
NFE,ss,Charjabug,57,82,95,55,75,36,10.5,0.5,Standard,737.0,charjabug,Bug,Electric
NU,sm,Vikavolt-Totem,77,70,90,145,75,43,147.5,2.6,Standard,738.0,vikavolt-totem,Bug,Electric
LC,sv,Crabrawler,47,82,57,42,47,63,7.0,0.6,Standard,739.0,crabrawler,Fighting,None
PU,sv,Crabominable,97,132,77,62,67,43,180.0,1.7,Standard,740.0,crabominable,Fighting,Ice
NUBL,sv,Oricorio-Sensu,75,70,70,98,70,93,3.4,0.6,Standard,741.0,oricorio-sensu,Ghost,Flying
NFE,ss,Cutiefly,40,45,40,55,40,84,0.2,0.1,Standard,742.0,cutiefly,Bug,Fairy
PU,ss,Ribombee,60,55,60,95,70,124,0.5,0.2,Standard,743.0,ribombee,Bug,Fairy
LC,sv,Rockruff,45,65,40,30,40,60,9.2,0.5,Standard,744.0,rockruff,Rock,None
PU,sv,Lycanroc-Midnight,85,115,75,55,75,82,25.0,1.1,Standard,745.0,lycanroc-midnight,Rock,None
PU,ss,Wishiwashi,45,20,20,25,25,40,0.3,0.2,Standard,746.0,wishiwashi,Water,None
LC,sv,Mareanie,50,53,62,43,52,45,8.0,0.4,Standard,747.0,mareanie,Poison,Water
OU,sv,Toxapex,50,63,152,53,142,35,14.5,0.7,Standard,748.0,toxapex,Poison,Water
LC,sv,Mudbray,70,100,70,45,55,45,110.0,1.0,Standard,749.0,mudbray,Ground,None
RU,sv,Mudsdale,100,125,100,55,85,35,920.0,2.5,Standard,750.0,mudsdale,Ground,None
LC,ss,Dewpider,38,40,52,40,72,27,4.0,0.3,Standard,751.0,dewpider,Water,Bug
PUBL,ss,Araquanid,68,70,92,50,132,42,82.0,1.8,Standard,752.0,araquanid,Water,Bug
LC,sv,Fomantis,40,55,35,50,35,35,1.5,0.3,Standard,753.0,fomantis,Grass,None
NU,sv,Lurantis,70,105,90,80,90,45,18.5,0.9,Standard,754.0,lurantis,Grass,None
LC,ss,Morelull,40,35,55,65,75,15,1.5,0.2,Standard,755.0,morelull,Grass,Fairy
LC,sv,Salandit,48,44,40,71,40,77,4.8,0.6,Standard,757.0,salandit,Poison,Fire
RU,sv,Salazzle,68,64,60,111,60,117,22.2,1.2,Standard,758.0,salazzle,Poison,Fire
LC,ss,Stufful,70,75,50,45,50,50,6.8,0.5,Standard,759.0,stufful,Normal,Fighting
NUBL,ss,Bewear,120,125,80,55,60,60,135.0,2.1,Standard,760.0,bewear,Normal,Fighting
LC,sv,Bounsweet,42,30,38,30,38,32,3.2,0.3,Standard,761.0,bounsweet,Grass,None
NFE,sv,Steenee,52,40,48,40,48,62,8.2,0.7,Standard,762.0,steenee,Grass,None
UU,sv,Tsareena,72,120,98,50,98,72,21.4,1.2,Standard,763.0,tsareena,Grass,None
PU,ss,Comfey,51,52,90,82,110,100,0.3,0.1,Standard,764.0,comfey,Fairy,None
NU,sv,Passimian,100,120,90,40,60,80,82.8,2.0,Standard,766.0,passimian,Fighting,None
LC,ss,Wimpod,25,35,40,20,30,80,12.0,0.5,Standard,767.0,wimpod,Bug,Water
RU,ss,Golisopod,75,125,140,60,90,40,108.0,2.0,Standard,768.0,golisopod,Bug,Water
LC,sv,Sandygast,55,55,80,70,45,15,70.0,0.5,Standard,769.0,sandygast,Ghost,Ground
RU,sv,Palossand,85,75,110,100,75,35,250.0,1.3,Standard,770.0,palossand,Ghost,Ground
NFE,ss,Type: Null,95,95,95,95,95,59,120.5,1.9,Standard,772.0,type-null,Normal,None
PU,ss,Silvally-Steel,95,95,95,95,95,95,100.5,2.3,Standard,773.0,silvally-steel,Steel,None
NU,sm,Minior,60,100,60,100,60,120,0.3,0.3,Standard,774.0,minior,Rock,Flying
RU,sv,Komala,65,115,65,75,95,65,19.9,0.4,Standard,775.0,komala,Normal,None
PU,ss,Togedemaru,65,98,63,40,73,96,3.3,0.3,Standard,777.0,togedemaru,Electric,Steel
UU,sv,Mimikyu,55,90,80,50,105,96,0.7,0.2,Standard,778.0,mimikyu,Ghost,Fairy
NU,sv,Bruxish,68,105,70,70,70,92,19.0,0.9,Standard,779.0,bruxish,Water,Psychic
PUBL,ss,Drampa,78,60,85,135,91,36,185.0,3.0,Standard,780.0,drampa,Normal,Dragon
NU,ss,Dhelmise,70,131,100,86,90,40,210.0,3.9,Standard,781.0,dhelmise,Ghost,Grass
LC,ss,Jangmo-o,45,55,65,45,45,45,29.7,0.6,Standard,782.0,jangmo-o,Dragon,None
NFE,ss,Hakamo-o,55,75,90,65,70,65,47.0,1.2,Standard,783.0,hakamo-o,Dragon,Fighting
UUBL,ss,Kommo-o,75,110,125,100,105,85,78.2,1.6,Standard,784.0,kommo-o,Dragon,Fighting
OU,ss,Tapu Koko,70,115,85,95,75,130,20.5,1.8,Standard,785.0,tapu-koko,Electric,Fairy
OU,ss,Tapu Lele,70,85,75,130,115,95,18.6,1.2,Standard,786.0,tapu-lele,Psychic,Fairy
UU,ss,Tapu Bulu,70,130,115,85,95,75,45.5,1.9,Standard,787.0,tapu-bulu,Grass,Fairy
OU,ss,Tapu Fini,70,75,115,95,130,85,21.2,1.3,Standard,788.0,tapu-fini,Water,Fairy
LC,ss,Cosmog,43,29,31,29,31,37,0.1,0.2,Standard,789.0,cosmog,Psychic,None
NFE,ss,Cosmoem,43,29,131,29,131,37,999.9,0.1,Standard,790.0,cosmoem,Psychic,None
Uber,ss,Solgaleo,137,137,107,113,89,97,230.0,3.4,Standard,791.0,solgaleo,Psychic,Steel
Uber,ss,Lunala,137,113,89,137,107,97,120.0,4.0,Standard,792.0,lunala,Psychic,Ghost
UU,ss,Nihilego,109,53,47,127,131,103,55.5,1.2,Standard,793.0,nihilego,Rock,Poison
OU,ss,Buzzwole,107,139,139,53,53,79,333.6,2.4,Standard,794.0,buzzwole,Bug,Fighting
Uber,ss,Pheromosa,71,137,37,137,37,151,25.0,1.8,Standard,795.0,pheromosa,Bug,Fighting
RU,ss,Xurkitree,83,89,71,173,71,83,100.0,3.8,Standard,796.0,xurkitree,Electric,None
UU,ss,Celesteela,97,101,103,107,101,61,999.9,9.2,Standard,797.0,celesteela,Steel,Flying
OU,ss,Kartana,59,181,131,59,31,109,0.1,0.3,Standard,798.0,kartana,Grass,Steel
PUBL,ss,Guzzlord,223,101,53,97,53,43,888.0,5.5,Standard,799.0,guzzlord,Dark,Dragon
Uber,ss,Necrozma-Dusk Mane,97,157,127,113,109,77,460.0,3.8,Standard,800.0,necrozma-dusk-mane,Psychic,Steel
OU,sv,Magearna-Original,80,95,115,130,115,65,80.5,1.0,Standard,801.0,magearna-original,Steel,Fairy
Uber,ss,Marshadow,90,125,80,90,90,125,22.2,0.7,Standard,802.0,marshadow,Fighting,Ghost
NFE,ss,Poipole,67,73,67,73,67,73,1.8,0.6,Standard,803.0,poipole,Poison,None
Uber,ss,Naganadel,73,73,73,127,73,121,150.0,3.6,Standard,804.0,naganadel,Poison,Dragon
NU,ss,Stakataka,61,131,211,53,101,13,820.0,5.5,Standard,805.0,stakataka,Rock,Steel
OU,ss,Blacephalon,53,127,53,151,79,107,13.0,1.8,Standard,806.0,blacephalon,Fire,Ghost
OU,ss,Zeraora,88,112,75,102,80,143,44.5,1.5,Standard,807.0,zeraora,Electric,None
OU,ss,Melmetal,135,143,143,80,65,34,800.0,2.5,Standard,809.0,melmetal,Steel,None
LC,sv,Grookey,50,65,50,40,40,65,5.0,0.3,Standard,810.0,grookey,Grass,None
NFE,sv,Thwackey,70,85,70,55,60,80,14.0,0.7,Standard,811.0,thwackey,Grass,None
OU,sv,Rillaboom,100,125,90,60,70,85,90.0,2.1,Standard,812.0,rillaboom,Grass,None
LC,sv,Scorbunny,50,71,40,40,40,69,4.5,0.3,Standard,813.0,scorbunny,Fire,None
NFE,sv,Raboot,65,86,60,55,60,94,9.0,0.6,Standard,814.0,raboot,Fire,None
OU,sv,Cinderace,80,116,75,65,75,119,33.0,1.4,Standard,815.0,cinderace,Fire,None
LC,sv,Sobble,50,40,40,70,40,70,4.0,0.3,Standard,816.0,sobble,Water,None
NFE,sv,Drizzile,65,60,55,95,55,90,11.5,0.7,Standard,817.0,drizzile,Water,None
OU,sv,Inteleon,70,85,65,125,65,120,45.2,1.9,Standard,818.0,inteleon,Water,None
LC,sv,Skwovet,70,55,55,35,35,25,2.5,0.3,Standard,819.0,skwovet,Normal,None
LC,sv,Rookidee,38,47,35,33,35,57,1.8,0.2,Standard,821.0,rookidee,Flying,None
NFE,sv,Corvisquire,68,67,55,43,55,77,16.0,0.8,Standard,822.0,corvisquire,Flying,None
OU,sv,Corviknight,98,87,105,53,85,67,75.0,2.2,Standard,823.0,corviknight,Flying,Steel
LC,ss,Blipbug,25,20,20,25,45,45,8.0,0.4,Standard,824.0,blipbug,Bug,None
NFE,ss,Dottler,50,35,80,50,90,30,19.5,0.4,Standard,825.0,dottler,Bug,Psychic
LC,ss,Nickit,40,28,28,47,52,50,8.9,0.6,Standard,827.0,nickit,Dark,None
LC,ss,Gossifleur,40,40,60,40,60,10,2.2,0.4,Standard,829.0,gossifleur,Grass,None
PU,ss,Eldegoss,60,50,90,80,120,60,2.5,0.5,Standard,830.0,eldegoss,Grass,None
LC,ss,Wooloo,42,40,55,40,45,48,6.0,0.6,Standard,831.0,wooloo,Normal,None
LC,sv,Chewtle,50,64,50,38,38,44,8.5,0.3,Standard,833.0,chewtle,Water,None
RUBL,sv,Drednaw,90,115,90,48,68,74,115.5,1.0,Standard,834.0,drednaw,Water,Rock
LC,ss,Yamper,59,45,50,40,50,26,13.5,0.3,Standard,835.0,yamper,Electric,None
LC,sv,Rolycoly,30,40,50,40,50,30,12.0,0.3,Standard,837.0,rolycoly,Rock,None
PU,sv,Carkol,80,60,90,60,70,50,78.0,1.1,Standard,838.0,carkol,Rock,Fire
RU,sv,Coalossal,110,80,120,80,90,30,310.5,2.8,Standard,839.0,coalossal,Rock,Fire
LC,sv,Applin,40,40,80,40,40,20,0.5,0.2,Standard,840.0,applin,Grass,Dragon
PU,sv,Flapple,70,110,80,95,60,70,1.0,0.3,Standard,841.0,flapple,Grass,Dragon
NU,sv,Appletun,110,85,80,100,80,30,13.0,0.4,Standard,842.0,appletun,Grass,Dragon
LC,sv,Silicobra,52,57,75,35,50,46,7.6,2.2,Standard,843.0,silicobra,Ground,None
NU,sv,Sandaconda,72,107,125,65,70,71,65.5,3.8,Standard,844.0,sandaconda,Ground,None
LC,sv,Arrokuda,41,63,40,40,30,66,1.0,0.5,Standard,846.0,arrokuda,Water,None
NUBL,sv,Barraskewda,61,123,60,60,50,136,30.0,1.3,Standard,847.0,barraskewda,Water,None
LC,sv,Toxel,40,38,35,54,35,40,11.0,0.4,Standard,848.0,toxel,Electric,Poison
RUBL,sv,Toxtricity-Low-Key,75,98,70,114,70,75,40.0,1.6,Standard,849.0,toxtricity-low-key,Electric,Poison
LC,ss,Sizzlipede,50,65,45,50,50,45,1.0,0.7,Standard,850.0,sizzlipede,Fire,Bug
LC,ss,Clobbopus,50,68,60,50,50,32,4.0,0.6,Standard,852.0,clobbopus,Fighting,None
LC,sv,Sinistea-Antique,40,45,45,74,54,50,0.2,0.1,Standard,854.0,sinistea-antique,Ghost,None
RUBL,sv,Polteageist-Antique,60,65,65,134,114,70,0.4,0.2,Standard,855.0,polteageist-antique,Ghost,None
LC,sv,Hatenna,42,30,45,56,53,39,3.4,0.4,Standard,856.0,hatenna,Psychic,None
PU,sv,Hattrem,57,40,65,86,73,49,4.8,0.6,Standard,857.0,hattrem,Psychic,None
OU,sv,Hatterene,57,90,95,136,103,29,5.1,2.1,Standard,858.0,hatterene,Psychic,Fairy
LC,sv,Impidimp,45,45,30,55,40,50,5.5,0.4,Standard,859.0,impidimp,Dark,Fairy
NFE,sv,Morgrem,65,60,45,75,55,70,12.5,0.8,Standard,860.0,morgrem,Dark,Fairy
UU,sv,Grimmsnarl,95,120,65,95,75,60,61.0,1.5,Standard,861.0,grimmsnarl,Dark,Fairy
RUBL,ss,Obstagoon,93,90,101,60,81,95,46.0,1.6,Standard,862.0,obstagoon,Dark,Normal
PU,sv,Perrserker,70,110,100,50,60,50,28.0,0.8,Standard,863.0,perrserker,Steel,None
NUBL,ss,Sirfetch'd,62,135,95,68,82,65,117.0,0.8,Standard,865.0,sirfetch-d,Fighting,None
LC,ss,Milcery,45,40,40,50,61,34,0.3,0.2,Standard,868.0,milcery,Fairy,None
PU,sv,Falinks,65,100,100,70,60,75,62.0,3.0,Standard,870.0,falinks,Fighting,None
LC,sv,Snom,30,25,35,45,30,20,3.8,0.3,Standard,872.0,snom,Ice,Bug
RU,sv,Frosmoth,70,65,60,125,90,65,42.0,1.3,Standard,873.0,frosmoth,Ice,Bug
PU,sv,Indeedee-F,70,55,65,95,105,85,28.0,0.9,Standard,876.0,indeedee-f,Psychic,Normal
LC,sv,Cufant,72,80,49,40,49,40,100.0,1.2,Standard,878.0,cufant,Steel,None
RU,sv,Copperajah,122,130,69,80,69,30,650.0,3.0,Standard,879.0,copperajah,Steel,None
UUBL,ss,Dracozolt,90,100,90,80,70,75,190.0,1.8,Standard,880.0,dracozolt,Electric,Dragon
UUBL,ss,Arctozolt,90,100,90,90,80,55,150.0,2.3,Standard,881.0,arctozolt,Electric,Ice
Uber,ss,Dracovish,90,90,100,70,80,75,215.0,2.3,Standard,882.0,dracovish,Water,Dragon
PUBL,ss,Duraludon,70,95,115,120,50,85,40.0,1.8,Standard,884.0,duraludon,Steel,Dragon
LC,sv,Dreepy,28,60,30,40,30,82,2.0,0.5,Standard,885.0,dreepy,Dragon,Ghost
PU,sv,Drakloak,68,80,50,60,50,102,11.0,1.4,Standard,886.0,drakloak,Dragon,Ghost
OU,sv,Dragapult,88,120,75,100,75,142,50.0,3.0,Standard,887.0,dragapult,Dragon,Ghost
Uber,sv,Zacian-Crowned,92,150,115,80,115,148,355.0,2.8,Standard,888.0,zacian-crowned,Fairy,Steel
OU,sv,Zamazenta-Crowned,92,120,140,80,140,128,785.0,2.9,Standard,889.0,zamazenta-crowned,Fighting,Steel
Uber,sv,Eternatus,140,85,95,145,95,130,950.0,20.0,Standard,890.0,eternatus,Poison,Dragon
NFE,sv,Kubfu,60,90,60,53,50,72,12.0,0.6,Standard,891.0,kubfu,Fighting,None
OU,sv,Urshifu-Rapid-Strike,100,130,100,63,60,97,105.0,1.9,Standard,892.0,urshifu-rapid-strike,Fighting,Water
OU,sv,Zarude-Dada,105,120,105,70,95,105,70.0,1.8,Standard,893.0,zarude-dada,Dark,Grass
Uber,sv,Regieleki,80,100,50,100,50,200,145.0,1.2,Standard,894.0,regieleki,Electric,None
OU,sv,Regidrago,200,100,50,100,50,80,200.0,2.1,Standard,895.0,regidrago,Dragon,None
OU,sv,Glastrier,100,145,130,65,110,30,800.0,2.2,Standard,896.0,glastrier,Ice,None
Uber,sv,Spectrier,100,65,60,145,80,130,44.5,2.0,Standard,897.0,spectrier,Ghost,None
Uber,sv,Calyrex-Shadow,100,85,80,165,100,150,53.6,2.4,Standard,898.0,calyrex-shadow,Psychic,Ghost
OU,sv,Wyrdeer,103,105,72,105,75,65,95.1,1.8,Standard,899.0,wyrdeer,Normal,Psychic
OU,sv,Kleavor,70,135,95,45,70,85,89.0,1.8,Standard,900.0,kleavor,Bug,Rock
OU,sv,Ursaluna,130,140,105,45,80,50,290.0,2.4,Standard,901.0,ursaluna,Ground,Normal
OU,sv,Basculegion-F,120,92,65,100,75,78,110.0,3.0,Standard,902.0,basculegion-f,Water,Ghost
OU,sv,Sneasler,80,130,60,40,80,120,43.0,1.3,Standard,903.0,sneasler,Fighting,Poison
OU,sv,Overqwil,85,115,95,65,65,85,3.9,0.5,Standard,904.0,overqwil,Dark,Poison
OU,sv,Enamorus-Therian,74,115,110,135,100,46,48.0,1.6,Standard,905.0,enamorus-therian,Fairy,Flying
LC,sv,Sprigatito,40,61,54,45,45,65,4.1,0.4,Standard,906.0,sprigatito,Grass,None
NFE,sv,Floragato,61,80,63,60,63,83,12.2,0.9,Standard,907.0,floragato,Grass,None
OU,sv,Meowscarada,76,110,70,81,70,123,31.2,1.5,Standard,908.0,meowscarada,Grass,Dark
LC,sv,Fuecoco,67,45,59,63,40,36,9.8,0.4,Standard,909.0,fuecoco,Fire,None
PU,sv,Crocalor,81,55,78,90,58,49,30.7,1.0,Standard,910.0,crocalor,Fire,None
OU,sv,Skeledirge,104,75,100,110,75,66,326.5,1.6,Standard,911.0,skeledirge,Fire,Ghost
LC,sv,Quaxly,55,65,45,50,45,50,6.1,0.5,Standard,912.0,quaxly,Water,None
PU,sv,Quaxwell,70,85,65,65,60,65,21.5,1.2,Standard,913.0,quaxwell,Water,None
UU,sv,Quaquaval,85,120,80,85,75,85,61.9,1.8,Standard,914.0,quaquaval,Water,Fighting
LC,sv,Lechonk,54,45,40,35,45,35,10.2,0.5,Standard,915.0,lechonk,Normal,None
LC,sv,Tarountula,35,41,45,29,40,20,4.0,0.3,Standard,917.0,tarountula,Bug,None
PU,sv,Spidops,60,79,92,52,86,35,16.5,1.0,Standard,918.0,spidops,Bug,None
LC,sv,Nymble,33,46,40,21,25,45,1.0,0.2,Standard,919.0,nymble,Bug,None
UU,sv,Lokix,71,102,78,52,55,92,17.5,1.0,Standard,920.0,lokix,Bug,Dark
LC,sv,Pawmi,45,50,20,40,25,60,2.5,0.3,Standard,921.0,pawmi,Electric,None
NFE,sv,Pawmo,60,75,40,50,40,85,6.5,0.4,Standard,922.0,pawmo,Electric,Fighting
UU,sv,Pawmot,70,115,70,70,60,105,41.0,0.9,Standard,923.0,pawmot,Electric,Fighting
LC,sv,Tandemaus,50,50,45,40,45,75,1.8,0.3,Standard,924.0,tandemaus,Normal,None
UU,sv,Maushold-Four,74,75,70,65,75,111,2.8,0.3,Standard,925.0,maushold-four,Normal,None
LC,sv,Fidough,37,55,70,30,55,65,10.9,0.3,Standard,926.0,fidough,Fairy,None
PU,sv,Dachsbun,57,80,115,50,80,95,14.9,0.5,Standard,927.0,dachsbun,Fairy,None
LC,sv,Smoliv,41,35,45,58,51,30,6.5,0.3,Standard,928.0,smoliv,Grass,Normal
NFE,sv,Dolliv,52,53,60,78,78,33,11.9,0.6,Standard,929.0,dolliv,Grass,Normal
RU,sv,Arboliva,78,69,90,125,109,39,48.2,1.4,Standard,930.0,arboliva,Grass,Normal
PU,sv,Squawkabilly-Yellow,82,96,51,45,51,92,2.4,0.6,Standard,931.0,squawkabilly-yellow,Normal,Flying
LC,sv,Nacli,55,55,75,35,35,25,16.0,0.4,Standard,932.0,nacli,Rock,None
RU,sv,Naclstack,60,60,100,35,65,35,105.0,0.5,Standard,933.0,naclstack,Rock,None
OU,sv,Garganacl,100,100,130,45,90,35,240.0,2.5,Standard,934.0,garganacl,Rock,None
LC,sv,Charcadet,40,50,40,50,40,35,10.5,0.6,Standard,935.0,charcadet,Fire,None
UU,sv,Armarouge,85,60,100,125,80,75,85.0,1.5,Standard,936.0,armarouge,Fire,Psychic
OU,sv,Ceruledge,75,125,80,60,100,85,62.0,1.6,Standard,937.0,ceruledge,Fire,Ghost
LC,sv,Tadbulb,61,31,41,59,35,45,0.4,0.3,Standard,938.0,tadbulb,Electric,None
RU,sv,Bellibolt,109,64,91,103,83,45,113.0,1.2,Standard,939.0,bellibolt,Electric,None
LC,sv,Wattrel,40,40,35,55,40,70,3.6,0.4,Standard,940.0,wattrel,Electric,Flying
UU,sv,Kilowattrel,70,70,60,105,60,125,38.6,1.4,Standard,941.0,kilowattrel,Electric,Flying
LC,sv,Maschiff,60,78,60,40,51,51,16.0,0.5,Standard,942.0,maschiff,Dark,None
NU,sv,Mabosstiff,80,120,90,60,70,85,61.0,1.1,Standard,943.0,mabosstiff,Dark,None
LC,sv,Shroodle,40,65,35,40,35,75,0.7,0.2,Standard,944.0,shroodle,Poison,Normal
RU,sv,Grafaiai,63,95,65,80,72,110,27.2,0.7,Standard,945.0,grafaiai,Poison,Normal
LC,sv,Bramblin,40,65,30,45,35,60,0.6,0.6,Standard,946.0,bramblin,Grass,Ghost
UU,sv,Brambleghast,55,115,70,80,70,90,6.0,1.2,Standard,947.0,brambleghast,Grass,Ghost
LC,sv,Toedscool,40,40,35,50,100,70,33.0,0.9,Standard,948.0,toedscool,Ground,Grass
UU,sv,Toedscruel,80,70,65,80,120,100,58.0,1.9,Standard,949.0,toedscruel,Ground,Grass
NU,sv,Klawf,70,100,115,35,55,75,79.0,1.3,Standard,950.0,klawf,Rock,None
LC,sv,Capsakid,52,62,40,62,40,50,3.0,0.3,Standard,951.0,capsakid,Grass,None
LC,sv,Rellor,41,50,60,31,58,30,1.0,0.2,Standard,953.0,rellor,Bug,None
PU,sv,Rabsca,75,50,85,115,100,45,3.5,0.3,Standard,954.0,rabsca,Bug,Psychic
NFE,sv,Flittle,30,35,30,55,30,75,1.5,0.2,Standard,955.0,flittle,Psychic,None
Uber,sv,Espathra,95,60,60,101,60,105,90.0,1.9,Standard,956.0,espathra,Psychic,None
LC,sv,Tinkatink,50,45,45,35,64,58,8.9,0.4,Standard,957.0,tinkatink,Fairy,Steel
PU,sv,Tinkatuff,65,55,55,45,82,78,59.1,0.7,Standard,958.0,tinkatuff,Fairy,Steel
UU,sv,Tinkaton,85,75,77,70,105,94,112.8,0.7,Standard,959.0,tinkaton,Fairy,Steel
LC,sv,Wiglett,10,55,25,35,25,95,1.8,1.2,Standard,960.0,wiglett,Water,None
NU,sv,Bombirdier,70,103,85,60,85,82,42.9,1.5,Standard,962.0,bombirdier,Flying,Dark
LC,sv,Finizen,70,45,40,45,40,75,60.2,1.3,Standard,963.0,finizen,Water,None
Uber,sv,Palafin,100,70,72,53,62,100,60.2,1.3,Standard,964.0,palafin,Water,None
LC,sv,Varoom,45,70,63,30,45,47,35.0,1.0,Standard,965.0,varoom,Steel,Poison
RU,sv,Revavroom,80,119,90,54,67,90,120.0,1.8,Standard,966.0,revavroom,Steel,Poison
UU,sv,Cyclizar,70,95,65,85,65,121,63.0,1.6,Standard,967.0,cyclizar,Dragon,Normal
OU,sv,Orthworm,70,85,145,60,55,65,310.0,2.5,Standard,968.0,orthworm,Steel,None
PU,sv,Glimmet,48,35,42,105,60,60,8.0,0.7,Standard,969.0,glimmet,Rock,Poison
OU,sv,Glimmora,83,55,90,130,81,86,45.0,1.5,Standard,970.0,glimmora,Rock,Poison
LC,sv,Greavard,50,61,60,30,55,34,35.0,0.6,Standard,971.0,greavard,Ghost,None
OU,sv,Houndstone,72,101,100,50,97,68,15.0,2.0,Standard,972.0,houndstone,Ghost,None
RUBL,sv,Flamigo,82,115,74,75,64,90,37.0,1.6,Standard,973.0,flamigo,Flying,Fighting
LC,sv,Cetoddle,108,68,45,30,40,43,45.0,1.2,Standard,974.0,cetoddle,Ice,None
RU,sv,Cetitan,170,113,65,45,55,73,700.0,4.5,Standard,975.0,cetitan,Ice,None
NU,sv,Veluza,90,102,73,78,65,70,90.0,2.5,Standard,976.0,veluza,Water,Psychic
OU,sv,Dondozo,150,100,115,65,65,35,220.0,12.0,Standard,977.0,dondozo,Water,None
RU,sv,Tatsugiri,68,50,60,120,95,82,8.0,0.3,Standard,978.0,tatsugiri,Dragon,Water
Uber,sv,Annihilape,110,115,80,50,90,90,56.0,1.2,Standard,979.0,annihilape,Fighting,Ghost
OU,sv,Clodsire,130,75,60,45,100,20,223.0,1.8,Standard,980.0,clodsire,Poison,Ground
NU,sv,Farigiraf,120,90,70,110,70,60,160.0,3.2,Standard,981.0,farigiraf,Normal,Psychic
NU,sv,Dudunsparce-Three-Segment,125,100,80,85,75,55,47.4,4.5,Standard,982.0,dudunsparce-three-segment,Normal,None
OU,sv,Kingambit,100,135,120,60,85,50,120.0,2.0,Standard,983.0,kingambit,Dark,Steel
OU,sv,Great Tusk,115,131,131,53,53,87,320.0,2.2,Standard,984.0,great-tusk,Ground,Fighting
UU,sv,Scream Tail,115,65,99,65,115,111,8.0,1.2,Standard,985.0,scream-tail,Fairy,Psychic
RU,sv,Brute Bonnet,111,127,99,79,99,55,21.0,1.2,Standard,986.0,brute-bonnet,Grass,Dark
Uber,sv,Flutter Mane,55,55,55,135,135,135,4.0,1.4,Standard,987.0,flutter-mane,Ghost,Fairy
UU,sv,Slither Wing,85,135,79,85,105,81,92.0,3.2,Standard,988.0,slither-wing,Bug,Fighting
UU,sv,Sandy Shocks,85,81,97,121,85,101,60.0,2.3,Standard,989.0,sandy-shocks,Electric,Ground
OU,sv,Iron Treads,90,112,120,72,70,106,240.0,0.9,Standard,990.0,iron-treads,Ground,Steel
Uber,sv,Iron Bundle,56,80,114,124,60,136,11.0,0.6,Standard,991.0,iron-bundle,Ice,Water
UUBL,sv,Iron Hands,154,140,108,50,68,50,380.7,1.8,Standard,992.0,iron-hands,Fighting,Electric
UU,sv,Iron Jugulis,94,80,86,122,80,108,111.0,1.3,Standard,993.0,iron-jugulis,Dark,Flying
OU,sv,Iron Moth,80,70,60,140,110,110,36.0,1.2,Standard,994.0,iron-moth,Fire,Poison
RU,sv,Iron Thorns,100,134,110,70,84,72,303.0,1.6,Standard,995.0,iron-thorns,Rock,Electric
LC,sv,Frigibax,65,75,45,35,45,55,17.0,0.5,Standard,996.0,frigibax,Dragon,Ice
NFE,sv,Arctibax,90,95,66,45,65,62,30.0,0.8,Standard,997.0,arctibax,Dragon,Ice
OU,sv,Baxcalibur,115,145,92,75,86,87,210.0,2.1,Standard,998.0,baxcalibur,Dragon,Ice
LC,sv,Gimmighoul-Roaming,45,30,25,75,45,80,0.1,0.1,Standard,999.0,gimmighoul-roaming,Ghost,None
OU,sv,Gholdengo,87,60,95,133,91,84,30.0,1.2,Standard,1000.0,gholdengo,Steel,Ghost
UU,sv,Wo-Chien,85,85,100,95,135,70,74.2,1.5,Standard,1001.0,wo-chien,Dark,Grass
OU,sv,Chien-Pao,80,120,80,90,65,135,152.2,1.9,Standard,1002.0,chien-pao,Dark,Ice
OU,sv,Ting-Lu,155,110,125,55,80,45,699.7,2.7,Standard,1003.0,ting-lu,Dark,Ground
Uber,sv,Chi-Yu,55,80,80,135,120,100,4.9,0.4,Standard,1004.0,chi-yu,Dark,Fire
OU,sv,Roaring Moon,105,139,71,55,101,119,380.0,2.0,Standard,1005.0,roaring-moon,Dragon,Dark
OU,sv,Iron Valiant,74,130,90,120,60,116,35.0,1.4,Standard,1006.0,iron-valiant,Fairy,Fighting
Uber,sv,Koraidon,100,135,115,85,100,135,303.0,2.5,Standard,1007.0,koraidon,Fighting,Dragon
Uber,sv,Miraidon,100,85,100,135,115,135,240.0,3.5,Standard,1008.0,miraidon,Electric,Dragon
OU,sv,Walking Wake,99,83,91,125,83,109,280.0,3.5,Standard,1009.0,walking-wake,Water,Dragon
UUBL,sv,Iron Leaves,90,130,88,70,108,104,125.0,1.5,Standard,1010.0,iron-leaves,Grass,Psychic
